datetime,count
2011-01-20 00:00:00,8.358488046061085
2011-01-20 01:00:00,5.057443896052098
2011-01-20 02:00:00,2.9720069431143856
2011-01-20 03:00:00,2.0615882089371302
2011-01-20 04:00:00,2.0596056004397236
2011-01-20 05:00:00,6.587551830604159
2011-01-20 06:00:00,29.984749286747448
2011-01-20 07:00:00,76.5497291310515
2011-01-20 08:00:00,153.41444346821245
2011-01-20 09:00:00,93.42026759308273
2011-01-20 10:00:00,51.36715331260974
2011-01-20 11:00:00,57.02646480790752
2011-01-20 12:00:00,74.46563696106678
2011-01-20 13:00:00,64.74973638494534
2011-01-20 14:00:00,72.14363715803118
2011-01-20 15:00:00,75.2172341691307
2011-01-20 16:00:00,92.24224662655948
2011-01-20 17:00:00,163.33468186667398
2011-01-20 18:00:00,116.47285250040004
2011-01-20 19:00:00,86.54108977173863
2011-01-20 20:00:00,59.948341604539415
2011-01-20 21:00:00,48.8534245128534
2011-01-20 22:00:00,33.17150086087209
2011-01-20 23:00:00,24.74062149874124
2011-01-21 00:00:00,12.020468216163101
2011-01-21 01:00:00,7.136235444932174
2011-01-21 02:00:00,3.2941632274850177
2011-01-21 03:00:00,1.057050386579077
2011-01-21 04:00:00,1.8688248771700353
2011-01-21 05:00:00,5.634391890857243
2011-01-21 06:00:00,28.996032239917795
2011-01-21 07:00:00,73.79186291973141
2011-01-21 08:00:00,148.6689957481226
2011-01-21 09:00:00,87.69197489048271
2011-01-21 10:00:00,51.225185151375214
2011-01-21 11:00:00,68.93434636051298
2011-01-21 12:00:00,72.66736949928787
2011-01-21 13:00:00,67.43014117772634
2011-01-21 14:00:00,68.37715179215752
2011-01-21 15:00:00,65.26275341613527
2011-01-21 16:00:00,76.1595818026765
2011-01-21 17:00:00,115.73546783859527
2011-01-21 18:00:00,110.6751958613415
2011-01-21 19:00:00,79.50938777517459
2011-01-21 20:00:00,56.5507457526231
2011-01-21 21:00:00,44.55273316643203
2011-01-21 22:00:00,37.379132756275126
2011-01-21 23:00:00,31.029518689794443
2011-01-22 00:00:00,21.32184291397548
2011-01-22 01:00:00,22.18854060760488
2011-01-22 02:00:00,14.475496690658181
2011-01-22 03:00:00,6.534050733488969
2011-01-22 04:00:00,1.8296406338501865
2011-01-22 06:00:00,3.410178169903289
2011-01-22 07:00:00,15.519973628325467
2011-01-22 08:00:00,20.894255787687268
2011-01-22 09:00:00,42.340057137968415
2011-01-22 10:00:00,68.92510282271769
2011-01-22 11:00:00,74.85481358308385
2011-01-22 12:00:00,84.73910539554308
2011-01-22 13:00:00,86.01333737382355
2011-01-22 14:00:00,85.63396852583068
2011-01-22 15:00:00,85.33088830381722
2011-01-22 16:00:00,81.57932583297068
2011-01-22 17:00:00,81.02678926019286
2011-01-22 18:00:00,68.87451068648006
2011-01-22 19:00:00,55.8014580435377
2011-01-22 20:00:00,36.68272024951817
2011-01-22 21:00:00,36.01321765418519
2011-01-22 22:00:00,25.83859543696375
2011-01-22 23:00:00,21.650889097953513
2011-01-23 00:00:00,19.522508589671308
2011-01-23 01:00:00,18.575394595075803
2011-01-23 02:00:00,10.942585405998322
2011-01-23 03:00:00,5.340631441097617
2011-01-23 05:00:00,1.4552169180407075
2011-01-23 06:00:00,2.1156451330393082
2011-01-23 07:00:00,9.012215070948818
2011-01-23 08:00:00,14.199705391924297
2011-01-23 09:00:00,26.839749419554714
2011-01-23 10:00:00,51.019244728337306
2011-01-23 11:00:00,55.67143081239336
2011-01-23 12:00:00,78.87785956072663
2011-01-23 13:00:00,76.8865803238438
2011-01-23 14:00:00,79.01755530284188
2011-01-23 15:00:00,79.01755530284188
2011-01-23 16:00:00,74.38711383042249
2011-01-23 17:00:00,66.02605587067717
2011-01-23 18:00:00,58.12691382941525
2011-01-23 19:00:00,44.370051912822625
2011-01-23 20:00:00,34.71716084901753
2011-01-23 21:00:00,27.989932677649403
2011-01-23 22:00:00,23.78617019154031
2011-01-23 23:00:00,17.192295212952786
2011-01-24 00:00:00,9.631363735989314
2011-01-24 01:00:00,4.221510680816545
2011-01-24 03:00:00,1.6476943476406052
2011-01-24 04:00:00,1.8169244491122019
2011-01-24 05:00:00,5.9369752279790955
2011-01-24 06:00:00,26.776330541734957
2011-01-24 07:00:00,67.00439397759388
2011-01-24 08:00:00,136.41441126261788
2011-01-24 09:00:00,94.28554281476008
2011-01-24 10:00:00,47.53816757138531
2011-01-24 11:00:00,44.12886237846295
2011-01-24 12:00:00,53.0742386781774
2011-01-24 13:00:00,46.78818479615536
2011-01-24 14:00:00,47.185431831795654
2011-01-24 15:00:00,57.278319082654455
2011-01-24 16:00:00,61.33729601228127
2011-01-24 17:00:00,104.21531787754319
2011-01-24 18:00:00,100.41798126186178
2011-01-24 19:00:00,77.56983283325829
2011-01-24 20:00:00,56.76556698837472
2011-01-24 21:00:00,42.95400554604945
2011-01-24 22:00:00,32.44321894032068
2011-01-24 23:00:00,19.705531950323756
2011-01-25 00:00:00,6.576911838591578
2011-01-25 01:00:00,3.998087885505874
2011-01-25 02:00:00,2.2161212312513974
2011-01-25 04:00:00,1.7666730311731822
2011-01-25 05:00:00,5.975745243979453
2011-01-25 06:00:00,27.80597625337052
2011-01-25 07:00:00,69.62770827921585
2011-01-25 08:00:00,146.74908117388998
2011-01-25 09:00:00,84.53261569216997
2011-01-25 10:00:00,47.98091906651888
2011-01-25 11:00:00,49.83623701762257
2011-01-25 12:00:00,54.6150501568498
2011-01-25 13:00:00,51.43117573995241
2011-01-25 14:00:00,71.94051335668753
2011-01-25 15:00:00,77.73655056461524
2011-01-25 16:00:00,100.81973644470477
2011-01-25 17:00:00,168.31451358818126
2011-01-25 18:00:00,162.47401363973873
2011-01-25 19:00:00,83.21776562830962
2011-01-25 20:00:00,60.744931175897264
2011-01-25 21:00:00,46.39102850610862
2011-01-25 22:00:00,37.03281550576336
2011-01-25 23:00:00,23.638138367343643
2011-01-26 00:00:00,8.202363861041514
2011-01-26 01:00:00,4.507846810428636
2011-01-26 02:00:00,2.0008042050600556
2011-01-26 05:00:00,3.2815795013607705
2011-01-26 06:00:00,11.718087203013921
2011-01-26 07:00:00,24.669503248352832
2011-01-26 08:00:00,48.24345228594124
2011-01-26 09:00:00,26.140544095352173
2011-01-26 10:00:00,14.813757274093579
2011-01-26 11:00:00,15.138318484102118
2011-01-26 12:00:00,15.772187942469262
2011-01-26 13:00:00,15.772187942469262
2011-01-26 14:00:00,15.288090770801077
2011-01-26 15:00:00,14.272335316536266
2011-01-26 16:00:00,46.84692293735346
2011-01-26 17:00:00,37.33574596814326
2011-01-27 16:00:00,67.59618121831535
2011-01-27 17:00:00,113.51259576720135
2011-01-27 18:00:00,103.34735283069836
2011-01-27 19:00:00,81.62607743105355
2011-01-27 20:00:00,59.47980265098258
2011-01-27 21:00:00,45.42000560841822
2011-01-27 22:00:00,37.652344739907115
2011-01-27 23:00:00,28.18123751205675
2011-01-28 00:00:00,11.965766025289811
2011-01-28 01:00:00,7.1267482146630705
2011-01-28 02:00:00,3.7397294521129316
2011-01-28 03:00:00,2.1493008456172498
2011-01-28 05:00:00,6.227999448632263
2011-01-28 06:00:00,27.74305217196584
2011-01-28 07:00:00,68.50553910630657
2011-01-28 08:00:00,141.3948411472236
2011-01-28 09:00:00,45.10279431467212
2011-01-28 10:00:00,29.215305272871245
2011-01-28 11:00:00,30.735450191115273
2011-01-28 12:00:00,31.888269597411657
2011-01-28 13:00:00,31.888269597411657
2011-01-28 14:00:00,32.23207365263641
2011-01-28 15:00:00,51.84820613805934
2011-01-28 16:00:00,62.56559941019614
2011-01-28 17:00:00,95.69473237465209
2011-01-28 18:00:00,90.46323209478533
2011-01-28 19:00:00,72.8637462361032
2011-01-28 20:00:00,55.22192524889009
2011-01-28 21:00:00,41.9178429720146
2011-01-28 22:00:00,34.44050870265228
2011-01-28 23:00:00,32.50682546449851
2011-01-29 00:00:00,20.83119163633726
2011-01-29 01:00:00,21.51976556391657
2011-01-29 02:00:00,12.903603772979343
2011-01-29 03:00:00,6.517204727426909
2011-01-29 04:00:00,2.2596369777855148
2011-01-29 06:00:00,3.2039577939813224
2011-01-29 07:00:00,13.127491122762095
2011-01-29 08:00:00,22.161895414229438
2011-01-29 09:00:00,37.93883733823553
2011-01-29 10:00:00,55.889535811129896
2011-01-29 11:00:00,59.33085798727192
2011-01-29 12:00:00,69.51334902933719
2011-01-29 13:00:00,72.77920176088645
2011-01-29 14:00:00,71.99565348401052
2011-01-29 15:00:00,63.47122685224679
2011-01-29 16:00:00,72.73342270305601
2011-01-29 17:00:00,69.73787849919995
2011-01-29 18:00:00,52.75688323415025
2011-01-29 19:00:00,42.54261854360847
2011-01-29 20:00:00,38.61645077754611
2011-01-29 21:00:00,30.535800138807357
2011-01-29 22:00:00,24.71722384493936
2011-01-29 23:00:00,21.385235225615663
2011-01-30 00:00:00,20.88125779335886
2011-01-30 01:00:00,19.611645791846225
2011-01-30 02:00:00,12.01041750590755
2011-01-30 03:00:00,5.794310413361732
2011-01-30 04:00:00,1.7938314919448581
2011-01-30 05:00:00,1.6050682162883745
2011-01-30 07:00:00,7.875614816160077
2011-01-30 08:00:00,13.428867840940521
2011-01-30 09:00:00,27.31475798087401
2011-01-30 10:00:00,48.756004645271126
2011-01-30 11:00:00,50.96417442320001
2011-01-30 12:00:00,92.52465798094391
2011-01-30 13:00:00,74.08343768783975
2011-01-30 14:00:00,82.60620633953216
2011-01-30 15:00:00,90.27745695216214
2011-01-30 16:00:00,86.2185810140112
2011-01-30 17:00:00,70.38799728564223
2011-01-30 18:00:00,47.14987433481889
2011-01-30 19:00:00,38.60420169803043
2011-01-30 20:00:00,29.70157025338447
2011-01-30 21:00:00,24.000918948690313
2011-01-30 22:00:00,20.245531663220163
2011-01-30 23:00:00,13.256934340300264
2011-01-31 00:00:00,8.17343474284831
2011-01-31 01:00:00,3.9829352093821813
2011-01-31 02:00:00,2.3858232854397126
2011-01-31 03:00:00,1.7440728843978164
2011-01-31 04:00:00,1.8375130053581064
2011-01-31 05:00:00,5.244527252709448
2011-01-31 06:00:00,25.9498067525799
2011-01-31 07:00:00,64.76023269947248
2011-01-31 08:00:00,133.50869543409905
2011-01-31 09:00:00,74.98691353147218
2011-01-31 10:00:00,41.77173654071437
2011-01-31 11:00:00,42.577561520712045
2011-01-31 12:00:00,48.59510143982475
2011-01-31 13:00:00,48.55659794509856
2011-01-31 14:00:00,48.59510143982475
2011-01-31 15:00:00,47.063206161644686
2011-01-31 16:00:00,60.34404553977367
2011-01-31 17:00:00,100.41076290522894
2011-01-31 18:00:00,99.30997117295885
2011-01-31 19:00:00,110.6034616107492
2011-01-31 20:00:00,41.4682021335182
2011-01-31 21:00:00,32.26475093244038
2011-01-31 22:00:00,34.46890878708151
2011-01-31 23:00:00,21.1165638799045
2011-02-20 00:00:00,32.37519696416816
2011-02-20 01:00:00,30.015231939567894
2011-02-20 02:00:00,17.719427348578254
2011-02-20 03:00:00,6.72967983808995
2011-02-20 04:00:00,2.3095736042168657
2011-02-20 06:00:00,4.629836314892995
2011-02-20 07:00:00,16.065612529699028
2011-02-20 08:00:00,29.520363854320795
2011-02-20 09:00:00,51.82186462655529
2011-02-20 10:00:00,95.05151684968146
2011-02-20 11:00:00,110.48322965542812
2011-02-20 12:00:00,132.16073365719004
2011-02-20 13:00:00,141.0832431567082
2011-02-20 14:00:00,142.72477073943995
2011-02-20 15:00:00,142.72477073943995
2011-02-20 16:00:00,135.21846623100376
2011-02-20 17:00:00,131.269942868382
2011-02-20 18:00:00,112.27065371622821
2011-02-20 19:00:00,87.72615679654191
2011-02-20 20:00:00,65.85494930211472
2011-02-20 21:00:00,46.39937190982503
2011-02-20 22:00:00,41.461572884460594
2011-02-20 23:00:00,27.045877831113245
2011-02-21 00:00:00,18.983994506419307
2011-02-21 01:00:00,14.858088770806752
2011-02-21 02:00:00,7.942532249398679
2011-02-21 03:00:00,4.565061331495716
2011-02-21 04:00:00,4.111027391513716
2011-02-21 05:00:00,6.908314725973054
2011-02-21 06:00:00,13.24721069436549
2011-02-21 07:00:00,51.56265782519834
2011-02-21 08:00:00,63.30222241277528
2011-02-21 09:00:00,87.4421452215529
2011-02-21 10:00:00,87.13322637879767
2011-02-21 11:00:00,95.12352841157119
2011-02-21 12:00:00,99.02619443505311
2011-02-21 13:00:00,28.157284490596293
2011-02-21 14:00:00,94.89723035252385
2011-02-21 15:00:00,65.61006843845615
2011-02-21 16:00:00,34.86689851158866
2011-02-21 17:00:00,86.61529718887654
2011-02-21 18:00:00,68.82161432337627
2011-02-21 19:00:00,58.5947970406452
2011-02-21 20:00:00,24.834309649193973
2011-02-21 21:00:00,18.57299697231938
2011-02-21 22:00:00,16.998719296500234
2011-02-21 23:00:00,11.545376100109712
2011-02-22 06:00:00,25.491367290324476
2011-02-22 07:00:00,66.86302022807564
2011-02-22 08:00:00,151.49154217578536
2011-02-22 09:00:00,81.08638884668851
2011-02-22 10:00:00,50.29034583635802
2011-02-22 11:00:00,50.123835852353345
2011-02-22 12:00:00,58.24180488700206
2011-02-22 13:00:00,57.409147047766645
2011-02-22 14:00:00,57.33553007645879
2011-02-22 15:00:00,63.759631301824584
2011-02-22 16:00:00,79.61834997208312
2011-02-22 17:00:00,134.32934051743942
2011-02-22 18:00:00,144.95474984101287
2011-02-22 19:00:00,100.00346628450613
2011-02-22 20:00:00,72.60540392545484
2011-02-22 21:00:00,52.9244411075912
2011-02-22 22:00:00,37.710360978521706
2011-02-22 23:00:00,23.187598223787422
2011-02-23 00:00:00,8.169524775755596
2011-02-23 01:00:00,4.470997693577852
2011-02-23 02:00:00,2.527553665926999
2011-02-23 03:00:00,1.7018858914477444
2011-02-23 05:00:00,5.904960561185938
2011-02-23 06:00:00,26.791712941535486
2011-02-23 07:00:00,71.94555243642272
2011-02-23 08:00:00,152.53558872364457
2011-02-23 09:00:00,91.10790476736346
2011-02-23 10:00:00,66.36847042415293
2011-02-23 11:00:00,68.82348602200979
2011-02-23 12:00:00,77.73595978328756
2011-02-23 13:00:00,83.17314952471831
2011-02-23 14:00:00,87.95127556593027
2011-02-23 15:00:00,88.49850214076582
2011-02-23 16:00:00,116.3029114614233
2011-02-23 17:00:00,205.85689647845967
2011-02-23 18:00:00,204.59209775855507
2011-02-23 19:00:00,143.68065189050398
2011-02-23 20:00:00,75.15847691084534
2011-02-23 21:00:00,59.273249322258486
2011-02-23 22:00:00,49.4301883365765
2011-02-23 23:00:00,27.64351950182041
2011-02-24 00:00:00,9.6593315073809
2011-02-24 01:00:00,5.160858572023168
2011-02-24 02:00:00,2.794291727887157
2011-02-24 03:00:00,1.8828953610182606
2011-02-24 05:00:00,7.022703139896352
2011-02-24 06:00:00,30.37645817679192
2011-02-24 07:00:00,80.47433571348931
2011-02-24 08:00:00,171.5780041153527
2011-02-24 09:00:00,82.15551111900949
2011-02-24 10:00:00,48.88193066309779
2011-02-24 11:00:00,65.69949754127906
2011-02-24 12:00:00,79.88538833733818
2011-02-24 13:00:00,83.94345858284738
2011-02-24 14:00:00,82.36421094349264
2011-02-24 15:00:00,41.54087938415579
2011-02-24 16:00:00,56.47977468560532
2011-02-24 17:00:00,107.42038291212363
2011-02-24 18:00:00,120.16923922557271
2011-02-24 19:00:00,40.75826855423694
2011-02-24 20:00:00,59.17756897123952
2011-02-24 21:00:00,49.99503186622193
2011-02-24 22:00:00,21.37839967392577
2011-02-24 23:00:00,33.11574438505384
2011-02-25 00:00:00,12.799609066967605
2011-02-25 01:00:00,8.797345979394919
2011-02-25 02:00:00,4.793073491777366
2011-02-25 03:00:00,2.643958881480789
2011-02-25 05:00:00,7.712962253709634
2011-02-25 06:00:00,22.848271346533764
2011-02-25 07:00:00,46.09959390657602
2011-02-25 08:00:00,98.70319025848497
2011-02-25 09:00:00,31.67688331447365
2011-02-25 10:00:00,24.35098119439274
2011-02-25 11:00:00,109.25582257964317
2011-02-25 12:00:00,76.06282084777654
2011-02-25 13:00:00,76.06282084777654
2011-02-25 14:00:00,78.06801555468506
2011-02-25 15:00:00,129.58162637067738
2011-02-25 16:00:00,99.14043265508172
2011-02-25 17:00:00,143.6330102345993
2011-02-25 18:00:00,145.96868322388735
2011-02-25 19:00:00,97.6678504955582
2011-02-25 20:00:00,65.36385280762997
2011-02-25 21:00:00,49.82933710992712
2011-02-25 22:00:00,40.51678420988753
2011-02-25 23:00:00,33.83199863984594
2011-02-26 00:00:00,30.388532705107643
2011-02-26 01:00:00,24.88891080597864
2011-02-26 02:00:00,13.623187167960007
2011-02-26 03:00:00,7.413473472477559
2011-02-26 04:00:00,2.689800463349424
2011-02-26 05:00:00,2.495918192281239
2011-02-26 06:00:00,5.297870390201812
2011-02-26 07:00:00,19.632006075831654
2011-02-26 08:00:00,37.007037526034765
2011-02-26 09:00:00,59.17229595684438
2011-02-26 10:00:00,101.41683527731765
2011-02-26 11:00:00,114.67311706188067
2011-02-26 12:00:00,135.25261506867517
2011-02-26 13:00:00,136.469303763162
2011-02-26 14:00:00,133.33567635116563
2011-02-26 15:00:00,136.59053307832548
2011-02-26 16:00:00,135.96670656312398
2011-02-26 17:00:00,139.13721242063895
2011-02-26 18:00:00,120.95943419243433
2011-02-26 19:00:00,91.39046356437014
2011-02-26 20:00:00,72.34732948061264
2011-02-26 21:00:00,41.10937721473817
2011-02-26 22:00:00,38.20608007826012
2011-02-26 23:00:00,30.21877757413397
2011-02-27 00:00:00,22.908851156189503
2011-02-27 01:00:00,26.389959044122204
2011-02-27 02:00:00,16.270128378056555
2011-02-27 03:00:00,8.45118674356211
2011-02-27 04:00:00,2.6881856904972237
2011-02-27 06:00:00,4.124135389353967
2011-02-27 07:00:00,14.544962237690921
2011-02-27 08:00:00,28.973829373601944
2011-02-27 09:00:00,54.76446791436865
2011-02-27 10:00:00,84.73737046234795
2011-02-27 11:00:00,114.31249832112614
2011-02-27 12:00:00,141.26877651031086
2011-02-27 13:00:00,159.39871416106294
2011-02-27 14:00:00,162.5607058459424
2011-02-27 15:00:00,194.41477814385672
2011-02-27 16:00:00,200.81234032429407
2011-02-27 17:00:00,138.3802569257168
2011-02-27 18:00:00,113.62295917764509
2011-02-27 19:00:00,94.55859090801773
2011-02-27 20:00:00,74.49680037062414
2011-02-27 21:00:00,58.1611819253416
2011-02-27 22:00:00,48.557067323042595
2011-02-27 23:00:00,31.641759983805443
2011-02-28 00:00:00,13.347839269711262
2011-02-28 01:00:00,3.0168489623515624
2011-02-28 03:00:00,1.9226893108928667
2011-02-28 05:00:00,7.832056340405989
2011-02-28 06:00:00,31.832167593591066
2011-02-28 07:00:00,89.14343467495785
2011-02-28 08:00:00,145.86130274849873
2011-02-28 09:00:00,128.82050261486071
2011-02-28 10:00:00,87.54271911953434
2011-02-28 11:00:00,100.85467397985988
2011-02-28 12:00:00,109.04096495686804
2011-02-28 13:00:00,33.9722801545844
2011-02-28 14:00:00,20.913609053608457
2011-02-28 15:00:00,20.96893084166578
2011-02-28 16:00:00,48.678384508605205
2011-02-28 17:00:00,49.839711625794806
2011-02-28 18:00:00,97.72584249488087
2011-02-28 19:00:00,48.71447421940277
2011-02-28 20:00:00,35.490950041886165
2011-02-28 21:00:00,53.512118138949205
2011-02-28 22:00:00,16.531123067347657
2011-02-28 23:00:00,26.675753854353577
2011-03-20 00:00:00,36.783332997874886
2011-03-20 01:00:00,30.645417787527503
2011-03-20 02:00:00,17.681482904977862
2011-03-20 03:00:00,8.057925550560123
2011-03-20 04:00:00,2.5308825141087885
2011-03-20 05:00:00,2.274986545611706
2011-03-20 06:00:00,4.826796505929167
2011-03-20 07:00:00,17.811588422915268
2011-03-20 08:00:00,34.43518389102169
2011-03-20 09:00:00,72.45471543217764
2011-03-20 10:00:00,114.34543838138242
2011-03-20 11:00:00,129.76120080840352
2011-03-20 12:00:00,150.34964066240963
2011-03-20 13:00:00,159.07239073869513
2011-03-20 14:00:00,158.99384924104373
2011-03-20 15:00:00,159.5555366312871
2011-03-20 16:00:00,162.6443519763578
2011-03-20 17:00:00,142.75188894054085
2011-03-20 18:00:00,123.16640027075795
2011-03-20 19:00:00,92.63041024084872
2011-03-20 20:00:00,67.31472165108572
2011-03-20 21:00:00,45.37727382013675
2011-03-20 22:00:00,38.853591579947214
2011-03-20 23:00:00,18.271761358311515
2011-03-21 00:00:00,11.09894929293821
2011-03-21 01:00:00,6.594224245211044
2011-03-21 02:00:00,3.9664804190899954
2011-03-21 03:00:00,2.970479113690729
2011-03-21 05:00:00,10.745580911243739
2011-03-21 06:00:00,31.378557796214807
2011-03-21 07:00:00,37.84315321974607
2011-03-21 08:00:00,156.5410204153498
2011-03-21 09:00:00,124.25861524029662
2011-03-21 10:00:00,84.99532871319849
2011-03-21 11:00:00,93.75053821970484
2011-03-21 12:00:00,106.57548406680793
2011-03-21 13:00:00,123.3656522666763
2011-03-21 14:00:00,125.92464984046195
2011-03-21 15:00:00,134.26306269201154
2011-03-21 16:00:00,173.80035508596734
2011-03-21 17:00:00,301.6118854432147
2011-03-21 18:00:00,291.38778288112394
2011-03-21 19:00:00,254.16868168608
2011-03-21 20:00:00,192.79947094811823
2011-03-21 21:00:00,87.95818418397576
2011-03-21 22:00:00,75.76701378068678
2011-03-21 23:00:00,45.77638868848376
2011-03-22 00:00:00,17.1683379577086
2011-03-22 01:00:00,6.591711449028733
2011-03-22 02:00:00,4.190707249117794
2011-03-22 03:00:00,3.9806223067837303
2011-03-22 04:00:00,4.094729152685971
2011-03-22 05:00:00,12.190445686746239
2011-03-22 06:00:00,49.43902770858116
2011-03-22 07:00:00,159.43255262828222
2011-03-22 08:00:00,264.106006979901
2011-03-22 09:00:00,143.90136224455784
2011-03-22 10:00:00,94.14670427052717
2011-03-22 11:00:00,98.5048593365171
2011-03-22 12:00:00,126.2316277718569
2011-03-22 13:00:00,133.32400362630884
2011-03-22 14:00:00,132.71964666415877
2011-03-22 15:00:00,133.11967736734073
2011-03-22 16:00:00,193.64297338784414
2011-03-22 17:00:00,342.24162030360156
2011-03-22 18:00:00,339.6168377790259
2011-03-22 19:00:00,198.79227125162498
2011-03-22 20:00:00,131.9124425696928
2011-03-22 21:00:00,101.8340827799497
2011-03-22 22:00:00,74.27798196670261
2011-03-22 23:00:00,44.24771297629176
2011-03-23 00:00:00,12.792723953015756
2011-03-23 01:00:00,6.291468880878929
2011-03-23 02:00:00,3.7684840813234137
2011-03-23 03:00:00,3.436228760338782
2011-03-23 05:00:00,9.051551350236082
2011-03-23 06:00:00,43.62311465584807
2011-03-23 07:00:00,107.13828901869384
2011-03-23 08:00:00,233.78546090641592
2011-03-23 09:00:00,137.4767520278612
2011-03-23 10:00:00,74.8341104203262
2011-03-23 11:00:00,74.25428435059497
2011-03-23 12:00:00,76.65223950472976
2011-03-23 13:00:00,48.938189387482254
2011-03-23 14:00:00,82.48487892659968
2011-03-23 15:00:00,100.16373251873101
2011-03-23 16:00:00,139.61193351604243
2011-03-23 17:00:00,231.50828520119538
2011-03-23 18:00:00,124.94389481296773
2011-03-23 19:00:00,98.46148004339307
2011-03-23 20:00:00,37.635882324124545
2011-03-23 21:00:00,23.796725147478384
2011-03-23 22:00:00,51.730958015418416
2011-03-23 23:00:00,29.26044690369694
2011-03-24 00:00:00,11.847201715041642
2011-03-24 01:00:00,5.450826237495365
2011-03-24 02:00:00,3.1951191760648365
2011-03-24 03:00:00,2.1999065462470933
2011-03-24 04:00:00,2.197834366229227
2011-03-24 05:00:00,8.564815794751057
2011-03-24 06:00:00,35.975045141310176
2011-03-24 07:00:00,43.36016154383903
2011-03-24 08:00:00,63.303492834608406
2011-03-24 09:00:00,99.10379734186752
2011-03-24 10:00:00,48.81506990471057
2011-03-24 11:00:00,58.16708720385802
2011-03-24 12:00:00,64.8384969616828
2011-03-24 13:00:00,92.58057036363331
2011-03-24 14:00:00,78.52093016470872
2011-03-24 15:00:00,70.58395518045653
2011-03-24 16:00:00,96.94902207062358
2011-03-24 17:00:00,162.77932482298598
2011-03-24 18:00:00,166.31153933510063
2011-03-24 19:00:00,131.57969754701398
2011-03-24 20:00:00,89.65113520212522
2011-03-24 21:00:00,63.647031015710155
2011-03-24 22:00:00,49.36624847839154
2011-03-24 23:00:00,33.96929456064468
2011-03-25 00:00:00,17.09628896722297
2011-03-25 01:00:00,8.984796577924127
2011-03-25 02:00:00,4.749157919047108
2011-03-25 03:00:00,2.5903135882301203
2011-03-25 04:00:00,2.419480338549245
2011-03-25 05:00:00,8.70956651562028
2011-03-25 06:00:00,36.97381599755995
2011-03-25 07:00:00,98.07071428775885
2011-03-25 08:00:00,188.63745997920117
2011-03-25 09:00:00,112.62070291327682
2011-03-25 10:00:00,76.99748199141877
2011-03-25 11:00:00,92.71976734975851
2011-03-25 12:00:00,120.01510978742243
2011-03-25 13:00:00,121.20999376019107
2011-03-25 14:00:00,121.68923758796076
2011-03-25 15:00:00,117.2879623217172
2011-03-25 16:00:00,141.8221986277895
2011-03-25 17:00:00,217.94962367346596
2011-03-25 18:00:00,199.5507815253347
2011-03-25 19:00:00,143.5685289834918
2011-03-25 20:00:00,109.3601664837864
2011-03-25 21:00:00,83.05396258674105
2011-03-25 22:00:00,58.54309416052367
2011-03-25 23:00:00,45.272647808511465
2011-03-26 00:00:00,41.25071887576977
2011-03-26 01:00:00,37.92894676471113
2011-03-26 02:00:00,19.881506409093458
2011-03-26 03:00:00,8.982834720793177
2011-03-26 04:00:00,3.6638831900770104
2011-03-26 05:00:00,3.2722700693243523
2011-03-26 06:00:00,7.1140519360964785
2011-03-26 07:00:00,31.87156137598899
2011-03-26 08:00:00,52.42949010626705
2011-03-26 09:00:00,92.59511340105459
2011-03-26 10:00:00,117.95986117591653
2011-03-26 11:00:00,131.42373761542805
2011-03-26 12:00:00,153.9203110459523
2011-03-26 13:00:00,167.85511078833974
2011-03-26 14:00:00,168.64561560405969
2011-03-26 15:00:00,173.2598845569294
2011-03-26 16:00:00,173.8198635287727
2011-03-26 17:00:00,169.8818285557802
2011-03-26 18:00:00,151.5744989260221
2011-03-26 19:00:00,94.34943289247987
2011-03-26 20:00:00,75.42248074170955
2011-03-26 21:00:00,55.253168084277945
2011-03-26 22:00:00,54.6315349306164
2011-03-26 23:00:00,34.49003684394115
2011-03-27 00:00:00,43.34444946263072
2011-03-27 01:00:00,33.51411862233822
2011-03-27 02:00:00,17.026442401345214
2011-03-27 03:00:00,7.896445372206911
2011-03-27 04:00:00,2.9659299340795062
2011-03-27 06:00:00,5.586929993133481
2011-03-27 07:00:00,18.12268712287863
2011-03-27 08:00:00,39.69153345225695
2011-03-27 09:00:00,67.44804012828699
2011-03-27 10:00:00,83.82324375641402
2011-03-27 11:00:00,105.55689777541501
2011-03-27 12:00:00,118.39207519471269
2011-03-27 13:00:00,152.48231924403797
2011-03-27 14:00:00,171.9425256911171
2011-03-27 15:00:00,165.97228518636066
2011-03-27 16:00:00,174.6491488956363
2011-03-27 17:00:00,163.92317904277382
2011-03-27 18:00:00,129.7018941048012
2011-03-27 19:00:00,101.9239825513564
2011-03-27 20:00:00,76.11576784426063
2011-03-27 21:00:00,57.480058259634276
2011-03-27 22:00:00,46.053005972411626
2011-03-27 23:00:00,25.952717613626668
2011-03-28 00:00:00,10.925077130937927
2011-03-28 01:00:00,5.878956327835754
2011-03-28 02:00:00,3.5510351779143905
2011-03-28 03:00:00,2.4932464428901735
2011-03-28 05:00:00,8.183189197321848
2011-03-28 06:00:00,36.64065488977243
2011-03-28 07:00:00,108.63481362849559
2011-03-28 08:00:00,207.18865804865882
2011-03-28 09:00:00,123.95313179880998
2011-03-28 10:00:00,76.45863240735142
2011-03-28 11:00:00,78.32455166862087
2011-03-28 12:00:00,91.46242702459996
2011-03-28 13:00:00,92.36039263070076
2011-03-28 14:00:00,97.60094251288137
2011-03-28 15:00:00,99.05953655293446
2011-03-28 16:00:00,135.21078749296913
2011-03-28 17:00:00,242.53688365661608
2011-03-28 18:00:00,240.18971010790918
2011-03-28 19:00:00,170.86379879875994
2011-03-28 20:00:00,127.90956268566816
2011-03-28 21:00:00,93.98724270901054
2011-03-28 22:00:00,61.66396201890117
2011-03-28 23:00:00,33.33880732125863
2011-03-29 00:00:00,12.591105633767041
2011-03-29 01:00:00,6.067543248380152
2011-03-29 02:00:00,3.642594617184013
2011-03-29 03:00:00,2.543979555986143
2011-03-29 04:00:00,2.497177270000354
2011-03-29 05:00:00,10.493624312319401
2011-03-29 06:00:00,43.21181981926615
2011-03-29 07:00:00,113.83940381202858
2011-03-29 08:00:00,223.2983838939846
2011-03-29 09:00:00,128.52024541338
2011-03-29 10:00:00,77.774224488208
2011-03-29 11:00:00,83.58326671260545
2011-03-29 12:00:00,103.55482319553599
2011-03-29 13:00:00,99.32193196797368
2011-03-29 14:00:00,102.2057813829015
2011-03-29 15:00:00,105.87437812988088
2011-03-29 16:00:00,145.19476838465832
2011-03-29 17:00:00,254.22836738419605
2011-03-29 18:00:00,248.24012153734816
2011-03-29 19:00:00,180.2211611451462
2011-03-29 20:00:00,128.42246310502938
2011-03-29 21:00:00,97.58930618405999
2011-03-29 22:00:00,70.17481669955055
2011-03-29 23:00:00,42.81639086783909
2011-03-30 00:00:00,15.839736835529251
2011-03-30 01:00:00,8.483200587226449
2011-03-30 02:00:00,4.827916296510664
2011-03-30 03:00:00,3.5544291305372724
2011-03-30 04:00:00,3.4975030161359477
2011-03-30 05:00:00,10.02079086542832
2011-03-30 06:00:00,46.49376514399497
2011-03-30 07:00:00,134.23271718977185
2011-03-30 08:00:00,239.21088685752804
2011-03-30 09:00:00,142.33416095429666
2011-03-30 10:00:00,84.46874930024413
2011-03-30 11:00:00,85.72914854508832
2011-03-30 12:00:00,99.23921950489724
2011-03-30 13:00:00,100.96792546881743
2011-03-30 14:00:00,96.84660951001119
2011-03-30 15:00:00,28.775179991268928
2011-03-30 16:00:00,41.97718924776466
2011-03-30 17:00:00,95.62574004664182
2011-03-30 18:00:00,144.73675422867916
2011-03-30 19:00:00,114.09246473463953
2011-03-30 20:00:00,34.88126408604897
2011-03-30 21:00:00,61.32840181326894
2011-03-30 22:00:00,26.448663928016668
2011-03-30 23:00:00,14.104607086496252
2011-03-31 00:00:00,8.355260271278883
2011-03-31 01:00:00,4.391164140139299
2011-03-31 02:00:00,2.5257203729514113
2011-03-31 03:00:00,1.5555203004851483
2011-03-31 04:00:00,1.4508950841613601
2011-03-31 05:00:00,6.608000251976381
2011-03-31 06:00:00,16.730962751441368
2011-03-31 07:00:00,46.72536828417529
2011-03-31 08:00:00,167.95249602723914
2011-03-31 09:00:00,46.03535798600022
2011-03-31 10:00:00,28.984303919262576
2011-03-31 11:00:00,34.04457793950042
2011-03-31 12:00:00,35.43651506168131
2011-03-31 13:00:00,45.12542475143439
2011-03-31 14:00:00,45.12542475143439
2011-03-31 15:00:00,26.346877730196137
2011-03-31 16:00:00,89.25546052666039
2011-03-31 17:00:00,148.241546093268
2011-03-31 18:00:00,165.2610254245841
2011-03-31 19:00:00,130.6516038771667
2011-03-31 20:00:00,35.3190978548725
2011-03-31 21:00:00,61.25582333355456
2011-03-31 22:00:00,25.821161605866823
2011-03-31 23:00:00,25.51186840001041
2011-04-20 00:00:00,17.579562708720854
2011-04-20 01:00:00,6.76351707861144
2011-04-20 02:00:00,4.10865844227802
2011-04-20 03:00:00,3.039735778608698
2011-04-20 04:00:00,2.9672060394814235
2011-04-20 05:00:00,10.56698587397081
2011-04-20 06:00:00,44.42410554162185
2011-04-20 07:00:00,127.11614535312728
2011-04-20 08:00:00,351.7104324218941
2011-04-20 09:00:00,224.62382467495044
2011-04-20 10:00:00,129.78478431060873
2011-04-20 11:00:00,133.11040458780778
2011-04-20 12:00:00,163.82064335662966
2011-04-20 13:00:00,163.82064335662966
2011-04-20 14:00:00,161.2723106887253
2011-04-20 15:00:00,156.54460516007506
2011-04-20 16:00:00,228.68420417708657
2011-04-20 17:00:00,408.73297251699364
2011-04-20 18:00:00,419.18929012999894
2011-04-20 19:00:00,307.31831273230875
2011-04-20 20:00:00,224.84794144671363
2011-04-20 21:00:00,163.66121769906812
2011-04-20 22:00:00,119.74492854283837
2011-04-20 23:00:00,68.10899330725375
2011-04-21 00:00:00,23.177444248554636
2011-04-21 01:00:00,12.008314629775741
2011-04-21 02:00:00,6.763279075270511
2011-04-21 03:00:00,3.6261629901693944
2011-04-21 04:00:00,3.281864960714315
2011-04-21 05:00:00,11.112233757599641
2011-04-21 06:00:00,49.00797491860913
2011-04-21 07:00:00,141.89302738127876
2011-04-21 08:00:00,238.43469068626297
2011-04-21 09:00:00,159.31605209816018
2011-04-21 10:00:00,104.05221452888819
2011-04-21 11:00:00,108.21300955824168
2011-04-21 12:00:00,135.68734524731406
2011-04-21 13:00:00,137.75090618498777
2011-04-21 14:00:00,139.03312691965837
2011-04-21 15:00:00,139.03312691965837
2011-04-21 16:00:00,200.89837406578528
2011-04-21 17:00:00,359.2520386401101
2011-04-21 18:00:00,353.7434461352291
2011-04-21 19:00:00,248.4033589130996
2011-04-21 20:00:00,156.38656967182794
2011-04-21 21:00:00,113.47595438636453
2011-04-21 22:00:00,86.09563173069225
2011-04-21 23:00:00,57.3370624363242
2011-04-22 00:00:00,25.573035032772555
2011-04-22 01:00:00,13.861289171107533
2011-04-22 02:00:00,6.985218470630418
2011-04-22 03:00:00,3.6497972063809874
2011-04-22 04:00:00,3.160727093757611
2011-04-22 05:00:00,11.87026994581384
2011-04-22 06:00:00,47.84371400249244
2011-04-22 07:00:00,128.22149454384325
2011-04-22 08:00:00,245.38467504197007
2011-04-22 09:00:00,79.73880055587695
2011-04-22 10:00:00,100.36479646430509
2011-04-22 11:00:00,63.96969763596658
2011-04-22 12:00:00,68.28688451335455
2011-04-22 13:00:00,54.22888954695289
2011-04-22 14:00:00,46.523810819483856
2011-04-22 15:00:00,54.03258613485626
2011-04-22 16:00:00,74.69926968045604
2011-04-22 17:00:00,89.04931196635903
2011-04-22 18:00:00,84.79382904087731
2011-04-22 19:00:00,66.72734066768304
2011-04-22 20:00:00,55.64576275648506
2011-04-22 21:00:00,42.427837945361425
2011-04-22 22:00:00,34.32296698676839
2011-04-22 23:00:00,33.638904233444336
2011-04-23 00:00:00,38.21150857077983
2011-04-23 01:00:00,35.977041277599874
2011-04-23 02:00:00,19.892508803737055
2011-04-23 03:00:00,9.860937447736585
2011-04-23 04:00:00,3.7548261285952256
2011-04-23 05:00:00,3.441798336765748
2011-04-23 06:00:00,7.822890849785656
2011-04-23 07:00:00,21.878027650994767
2011-04-23 08:00:00,45.50782980819287
2011-04-23 09:00:00,62.64133616267299
2011-04-23 10:00:00,123.36624805000513
2011-04-23 11:00:00,144.95759192386453
2011-04-23 12:00:00,185.1607906142979
2011-04-23 13:00:00,186.7428477022563
2011-04-23 14:00:00,199.55740043713502
2011-04-23 15:00:00,203.48631451492224
2011-04-23 16:00:00,232.62303209616587
2011-04-23 17:00:00,224.11317622843083
2011-04-23 18:00:00,216.4624715223401
2011-04-23 19:00:00,177.9579299511329
2011-04-23 20:00:00,136.0725035493825
2011-04-23 21:00:00,116.5572359791119
2011-04-23 22:00:00,100.41556380401222
2011-04-23 23:00:00,67.98145752198262
2011-04-24 00:00:00,62.955379775479116
2011-04-24 01:00:00,55.49733647912506
2011-04-24 02:00:00,33.8678783630402
2011-04-24 03:00:00,14.276904367458242
2011-04-24 04:00:00,5.238354188499002
2011-04-24 05:00:00,4.755213164208629
2011-04-24 06:00:00,9.286897945344554
2011-04-24 07:00:00,33.91698133812726
2011-04-24 08:00:00,60.349972430064426
2011-04-24 09:00:00,116.50048554840377
2011-04-24 10:00:00,182.66118641626758
2011-04-24 11:00:00,237.6140081149136
2011-04-24 12:00:00,272.86975280790847
2011-04-24 13:00:00,284.8596364407098
2011-04-24 14:00:00,298.7401613107606
2011-04-24 15:00:00,271.85182871251436
2011-04-24 16:00:00,343.2051705831247
2011-04-24 17:00:00,286.52452873093654
2011-04-24 18:00:00,230.29648830537084
2011-04-24 19:00:00,110.86193237265027
2011-04-24 20:00:00,92.86110768239033
2011-04-24 21:00:00,63.90894685115421
2011-04-24 22:00:00,48.89388966343099
2011-04-24 23:00:00,36.17462105984212
2011-04-25 00:00:00,12.745123743614206
2011-04-25 01:00:00,7.518056884682448
2011-04-25 02:00:00,4.586376538136392
2011-04-25 03:00:00,3.052531586946733
2011-04-25 04:00:00,3.052531586946733
2011-04-25 05:00:00,10.405970199338238
2011-04-25 06:00:00,45.91773380610479
2011-04-25 07:00:00,124.43647457256972
2011-04-25 08:00:00,312.9521095149542
2011-04-25 09:00:00,186.32149891953955
2011-04-25 10:00:00,128.80145950578094
2011-04-25 11:00:00,131.9104549684409
2011-04-25 12:00:00,143.07589628559182
2011-04-25 13:00:00,165.04155356546153
2011-04-25 14:00:00,161.43948969010955
2011-04-25 15:00:00,158.54327809035283
2011-04-25 16:00:00,233.74133200253544
2011-04-25 17:00:00,395.7752140313233
2011-04-25 18:00:00,375.96687284785594
2011-04-25 19:00:00,293.5997111014645
2011-04-25 20:00:00,215.48516796681292
2011-04-25 21:00:00,156.18500495621265
2011-04-25 22:00:00,89.05584391831289
2011-04-25 23:00:00,51.65243030778182
2011-04-26 00:00:00,21.440857289308124
2011-04-26 01:00:00,9.467338240592463
2011-04-26 02:00:00,5.526371070134861
2011-04-26 03:00:00,3.740055185917872
2011-04-26 04:00:00,4.370766751039962
2011-04-26 05:00:00,13.975624711241668
2011-04-26 06:00:00,61.75948436649257
2011-04-26 07:00:00,176.63554312523243
2011-04-26 08:00:00,311.58669550435343
2011-04-26 09:00:00,206.09526115185537
2011-04-26 10:00:00,124.87656828997781
2011-04-26 11:00:00,140.9212799841568
2011-04-26 12:00:00,162.7858318181516
2011-04-26 13:00:00,156.4833730149299
2011-04-26 14:00:00,158.75551038860652
2011-04-26 15:00:00,162.66361558836974
2011-04-26 16:00:00,232.13773641772565
2011-04-26 17:00:00,378.3405839356995
2011-04-26 18:00:00,375.03427039014525
2011-04-26 19:00:00,260.8443673503613
2011-04-26 20:00:00,190.1801279148625
2011-04-26 21:00:00,131.2386049759447
2011-04-26 22:00:00,95.5139865008068
2011-04-26 23:00:00,56.30811907548756
2011-04-27 00:00:00,19.82573609435455
2011-04-27 01:00:00,9.7396026168998
2011-04-27 02:00:00,5.441561466612031
2011-04-27 03:00:00,3.511996297288082
2011-04-27 04:00:00,3.1318797013569872
2011-04-27 05:00:00,10.23100132687223
2011-04-27 06:00:00,49.16762102604448
2011-04-27 07:00:00,151.06802991258218
2011-04-27 08:00:00,259.32410065858403
2011-04-27 09:00:00,144.7932099522994
2011-04-27 10:00:00,103.41345009937976
2011-04-27 11:00:00,110.17948777189375
2011-04-27 12:00:00,134.44372494224316
2011-04-27 13:00:00,121.39371222158364
2011-04-27 14:00:00,140.88925681892664
2011-04-27 15:00:00,162.20292916199875
2011-04-27 16:00:00,209.16970833746765
2011-04-27 17:00:00,206.20502536183787
2011-04-27 18:00:00,206.20502536183787
2011-04-27 19:00:00,231.25895628896342
2011-04-27 20:00:00,158.0424998057716
2011-04-27 21:00:00,113.78414977288982
2011-04-27 22:00:00,74.54475434188123
2011-04-27 23:00:00,45.42071314985166
2011-04-28 00:00:00,20.534876553788553
2011-04-28 01:00:00,9.459255075521654
2011-04-28 02:00:00,5.494367020527095
2011-04-28 03:00:00,3.9703761687958092
2011-04-28 04:00:00,3.8323030840496672
2011-04-28 05:00:00,13.687484086004332
2011-04-28 06:00:00,61.089472967027326
2011-04-28 07:00:00,168.60848497692575
2011-04-28 08:00:00,304.4306672281734
2011-04-28 09:00:00,87.49803676210368
2011-04-28 10:00:00,90.55660007481222
2011-04-28 11:00:00,106.22422531651739
2011-04-28 12:00:00,123.240786237418
2011-04-28 13:00:00,112.15848683329837
2011-04-28 14:00:00,116.64590995666616
2011-04-28 15:00:00,140.32692962168355
2011-04-28 16:00:00,182.49989219575676
2011-04-28 17:00:00,416.00420857999086
2011-04-28 18:00:00,416.00420857999086
2011-04-28 19:00:00,307.0174826732353
2011-04-28 20:00:00,199.94423850614632
2011-04-28 21:00:00,156.8720145315253
2011-04-28 22:00:00,107.47063461412537
2011-04-28 23:00:00,75.10863200385661
2011-04-29 00:00:00,31.308932029228288
2011-04-29 01:00:00,19.472659113515178
2011-04-29 02:00:00,9.43087428408918
2011-04-29 03:00:00,5.105865575156299
2011-04-29 04:00:00,4.745560437395102
2011-04-29 05:00:00,15.262437100799257
2011-04-29 06:00:00,69.27205186071603
2011-04-29 07:00:00,190.71648647570592
2011-04-29 08:00:00,347.4255586729098
2011-04-29 09:00:00,207.44357887321053
2011-04-29 10:00:00,150.03885674432675
2011-04-29 11:00:00,172.85794857968122
2011-04-29 12:00:00,177.63250122091475
2011-04-29 13:00:00,177.63250122091475
2011-04-29 14:00:00,198.6595019239692
2011-04-29 15:00:00,169.30633113949003
2011-04-29 16:00:00,210.6275912910928
2011-04-29 17:00:00,330.8240891890434
2011-04-29 18:00:00,331.4111137756081
2011-04-29 19:00:00,224.6221724920328
2011-04-29 20:00:00,172.27124506368187
2011-04-29 21:00:00,126.24080293690068
2011-04-29 22:00:00,86.16689712494698
2011-04-29 23:00:00,62.16661970001605
2011-04-30 00:00:00,56.51353365411092
2011-04-30 01:00:00,53.55770729436121
2011-04-30 02:00:00,31.41045931854947
2011-04-30 03:00:00,14.555942779988365
2011-04-30 04:00:00,5.827799389348577
2011-04-30 05:00:00,5.177210827728131
2011-04-30 06:00:00,12.41060886858261
2011-04-30 07:00:00,52.08471437948252
2011-04-30 08:00:00,78.28292764969933
2011-04-30 09:00:00,122.20081364527816
2011-04-30 10:00:00,194.4785818052882
2011-04-30 11:00:00,214.29321796175475
2011-04-30 12:00:00,243.50640374017078
2011-04-30 13:00:00,247.77277099643533
2011-04-30 14:00:00,248.38995317485427
2011-04-30 15:00:00,264.188549662773
2011-04-30 16:00:00,290.8543545679571
2011-04-30 17:00:00,297.15511142478744
2011-04-30 18:00:00,266.987445762493
2011-04-30 19:00:00,226.24550992060082
2011-04-30 20:00:00,135.55231446353375
2011-04-30 21:00:00,104.76626188138437
2011-04-30 22:00:00,79.31434489608263
2011-04-30 23:00:00,62.81895968702232
2011-05-20 00:00:00,34.18147962140779
2011-05-20 01:00:00,17.056419090391845
2011-05-20 02:00:00,8.865207320722932
2011-05-20 03:00:00,4.880043363184879
2011-05-20 04:00:00,4.522443373787925
2011-05-20 05:00:00,17.215508877694287
2011-05-20 06:00:00,95.07425748366155
2011-05-20 07:00:00,238.18404570444858
2011-05-20 08:00:00,421.485142402182
2011-05-20 09:00:00,229.11110503481962
2011-05-20 10:00:00,170.1498454543341
2011-05-20 11:00:00,176.36355905194304
2011-05-20 12:00:00,213.34560027471124
2011-05-20 13:00:00,181.8431083059708
2011-05-20 14:00:00,225.19723303262106
2011-05-20 15:00:00,215.3916345209082
2011-05-20 16:00:00,285.9965848085975
2011-05-20 17:00:00,452.03277576704687
2011-05-20 18:00:00,436.19546420704575
2011-05-20 19:00:00,297.9350057437963
2011-05-20 20:00:00,238.23188029277154
2011-05-20 21:00:00,199.61392411552035
2011-05-20 22:00:00,148.84782841628075
2011-05-20 23:00:00,110.84839824023243
2011-05-21 00:00:00,96.55911066417214
2011-05-21 01:00:00,82.78129231200569
2011-05-21 02:00:00,54.786914744788064
2011-05-21 03:00:00,24.938512702316412
2011-05-21 04:00:00,9.697025768015099
2011-05-21 05:00:00,8.580958115142531
2011-05-21 06:00:00,23.21911867510245
2011-05-21 07:00:00,79.59952275242347
2011-05-21 08:00:00,126.73702770143434
2011-05-21 09:00:00,205.2353610449079
2011-05-21 10:00:00,252.21556001781934
2011-05-21 11:00:00,278.5134876883079
2011-05-21 12:00:00,343.46840025196
2011-05-21 13:00:00,378.3382839361343
2011-05-21 14:00:00,384.5054430894691
2011-05-21 15:00:00,380.23040082911604
2011-05-21 16:00:00,409.0307706686779
2011-05-21 17:00:00,418.22034082072037
2011-05-21 18:00:00,387.5354770127156
2011-05-21 19:00:00,327.30821605798235
2011-05-21 20:00:00,269.0971010127758
2011-05-21 21:00:00,226.7564200215721
2011-05-21 22:00:00,146.36008216172263
2011-05-21 23:00:00,112.14498876380864
2011-05-22 00:00:00,85.10658514529412
2011-05-22 01:00:00,61.827700368687175
2011-05-22 02:00:00,41.654346261375515
2011-05-22 03:00:00,20.021374227059702
2011-05-22 04:00:00,8.207349796930952
2011-05-22 05:00:00,7.050883085080722
2011-05-22 06:00:00,15.79144024100243
2011-05-22 07:00:00,60.48303722583227
2011-05-22 08:00:00,114.26311694062277
2011-05-22 09:00:00,188.56632515942607
2011-05-22 10:00:00,262.48874361763546
2011-05-22 11:00:00,309.6104285960746
2011-05-22 12:00:00,362.6345605323897
2011-05-22 13:00:00,332.5478160222219
2011-05-22 14:00:00,220.7333879460625
2011-05-22 15:00:00,319.479254320186
2011-05-22 16:00:00,359.3974012653004
2011-05-22 17:00:00,368.23680408972774
2011-05-22 18:00:00,312.98312981075185
2011-05-22 19:00:00,275.35128167510203
2011-05-22 20:00:00,237.95335330872467
2011-05-22 21:00:00,158.47365071046897
2011-05-22 22:00:00,119.8430347168486
2011-05-22 23:00:00,76.43598013124054
2011-05-23 00:00:00,27.12260253051427
2011-05-23 01:00:00,13.019970272753325
2011-05-23 02:00:00,6.285176691287209
2011-05-23 03:00:00,3.682109776925328
2011-05-23 04:00:00,4.0723816046635894
2011-05-23 05:00:00,16.987318997309682
2011-05-23 06:00:00,71.92555537911367
2011-05-23 07:00:00,158.1086279429521
2011-05-23 08:00:00,352.52475209078654
2011-05-23 09:00:00,191.77736114066022
2011-05-23 10:00:00,150.0849361142101
2011-05-23 11:00:00,153.28050331378745
2011-05-23 12:00:00,166.8958409605752
2011-05-23 13:00:00,178.18224774287773
2011-05-23 14:00:00,174.2674095265198
2011-05-23 15:00:00,180.03225650151145
2011-05-23 16:00:00,266.4552805259637
2011-05-23 17:00:00,359.0392005235886
2011-05-23 18:00:00,408.4010142693302
2011-05-23 19:00:00,328.5495088804938
2011-05-23 20:00:00,207.53464236530675
2011-05-23 21:00:00,151.82338276783804
2011-05-23 22:00:00,95.31008575077672
2011-05-23 23:00:00,66.44308815957994
2011-05-24 00:00:00,21.13068007559296
2011-05-24 01:00:00,9.780877907630552
2011-05-24 02:00:00,5.4966388162127915
2011-05-24 03:00:00,4.0723816046635894
2011-05-24 04:00:00,5.499209479736709
2011-05-24 05:00:00,16.29772067759596
2011-05-24 06:00:00,73.35522355669359
2011-05-24 07:00:00,160.8847059323868
2011-05-24 08:00:00,222.51778653660554
2011-05-24 09:00:00,237.74309947391242
2011-05-24 10:00:00,165.7280043770799
2011-05-24 11:00:00,159.8837698503904
2011-05-24 12:00:00,193.032966510434
2011-05-24 13:00:00,191.06940457692727
2011-05-24 14:00:00,191.12196860127005
2011-05-24 15:00:00,159.11372600463724
2011-05-24 16:00:00,247.93968232509914
2011-05-24 17:00:00,469.9353067969026
2011-05-24 18:00:00,417.38028976551465
2011-05-24 19:00:00,320.7526509460037
2011-05-24 20:00:00,251.45831026996578
2011-05-24 21:00:00,179.3291218550729
2011-05-24 22:00:00,81.6675830767184
2011-05-24 23:00:00,89.85236994283242
2011-05-25 00:00:00,24.928967609247017
2011-05-25 01:00:00,11.585234265238553
2011-05-25 02:00:00,5.632008464397477
2011-05-25 03:00:00,4.436781838512316
2011-05-25 04:00:00,4.436781838512316
2011-05-25 05:00:00,22.523151894831862
2011-05-25 06:00:00,80.53216516203345
2011-05-25 07:00:00,239.14009661128813
2011-05-25 08:00:00,432.4030392029132
2011-05-25 09:00:00,260.5117760828154
2011-05-25 10:00:00,165.07896675018046
2011-05-25 11:00:00,157.80370515582328
2011-05-25 12:00:00,190.6573325386723
2011-05-25 13:00:00,190.6573325386723
2011-05-25 14:00:00,190.6573325386723
2011-05-25 15:00:00,187.7406352130873
2011-05-25 16:00:00,278.1024874630305
2011-05-25 17:00:00,475.5509956678694
2011-05-25 18:00:00,463.3834337258671
2011-05-25 19:00:00,367.859409170573
2011-05-25 20:00:00,286.26981175192236
2011-05-25 21:00:00,204.37963587518328
2011-05-25 22:00:00,154.65775952021437
2011-05-25 23:00:00,97.05656789873363
2011-05-26 00:00:00,40.34540657312542
2011-05-26 01:00:00,18.085161548249438
2011-05-26 02:00:00,9.00365586964759
2011-05-26 03:00:00,5.586417906978105
2011-05-26 04:00:00,5.5424413766734135
2011-05-26 05:00:00,21.485102563466015
2011-05-26 06:00:00,71.94141147281447
2011-05-26 07:00:00,154.05205614323174
2011-05-26 08:00:00,396.956740900089
2011-05-26 09:00:00,249.7420162552915
2011-05-26 10:00:00,156.33463148975522
2011-05-26 11:00:00,169.38001376695846
2011-05-26 12:00:00,188.46878441362097
2011-05-26 13:00:00,187.32415226716037
2011-05-26 14:00:00,187.32415226716037
2011-05-26 15:00:00,187.23158925990447
2011-05-26 16:00:00,274.4342984913604
2011-05-26 17:00:00,501.3096316661262
2011-05-26 18:00:00,501.3096316661262
2011-05-26 19:00:00,370.0277860148776
2011-05-26 20:00:00,278.9457077545278
2011-05-26 21:00:00,234.30814395723704
2011-05-26 22:00:00,182.30479823695347
2011-05-26 23:00:00,126.4234766810645
2011-05-27 00:00:00,52.09670442721808
2011-05-27 01:00:00,26.77643746740061
2011-05-27 02:00:00,15.149690752982284
2011-05-27 03:00:00,8.810957588286568
2011-05-27 04:00:00,7.661439120067662
2011-05-27 05:00:00,27.670549835323328
2011-05-27 06:00:00,123.83057210667127
2011-05-27 07:00:00,266.5191026416717
2011-05-27 08:00:00,426.7103649173599
2011-05-27 09:00:00,281.98908097988897
2011-05-27 10:00:00,197.13434532641747
2011-05-27 11:00:00,193.49692722178574
2011-05-27 12:00:00,223.12697492248492
2011-05-27 13:00:00,227.80776266715986
2011-05-27 14:00:00,233.51622819843993
2011-05-27 15:00:00,239.1580348979864
2011-05-27 16:00:00,291.774272136567
2011-05-27 17:00:00,457.81231745463487
2011-05-27 18:00:00,432.55025615528507
2011-05-27 19:00:00,217.04841513066964
2011-05-27 20:00:00,214.41892060962581
2011-05-27 21:00:00,169.67066340641918
2011-05-27 22:00:00,145.16893657915352
2011-05-27 23:00:00,98.07642046731
2011-05-28 00:00:00,85.80639158042068
2011-05-28 01:00:00,72.37977414651557
2011-05-28 02:00:00,39.50049370753326
2011-05-28 03:00:00,21.990077740889248
2011-05-28 04:00:00,9.693048599484902
2011-05-28 05:00:00,8.797799574010593
2011-05-28 06:00:00,22.829312737630286
2011-05-28 07:00:00,73.84295401247994
2011-05-28 08:00:00,123.06729586625302
2011-05-28 09:00:00,190.69799742043887
2011-05-28 10:00:00,271.8670183063664
2011-05-28 11:00:00,291.9358678226542
2011-05-28 12:00:00,337.50308786987364
2011-05-28 13:00:00,343.6266918416326
2011-05-28 14:00:00,342.6940833551071
2011-05-28 15:00:00,362.98337311259394
2011-05-28 16:00:00,399.7708497014251
2011-05-28 17:00:00,397.8861722155143
2011-05-28 18:00:00,356.58160116225315
2011-05-28 19:00:00,322.9011065713288
2011-05-28 20:00:00,286.66506445215947
2011-05-28 21:00:00,188.43547680298082
2011-05-28 22:00:00,157.55221479021628
2011-05-28 23:00:00,106.10622665496538
2011-05-29 00:00:00,89.98856368798337
2011-05-29 01:00:00,74.05668671732514
2011-05-29 02:00:00,50.300843375599825
2011-05-29 03:00:00,24.489028019848476
2011-05-29 04:00:00,10.190717322900198
2011-05-29 05:00:00,7.005591839028218
2011-05-29 06:00:00,17.75955078192477
2011-05-29 07:00:00,54.54657298499048
2011-05-29 08:00:00,90.09401250005222
2011-05-29 09:00:00,104.7444977025217
2011-05-29 10:00:00,213.90931297622313
2011-05-29 11:00:00,215.21697167109932
2011-05-29 12:00:00,292.5369163358663
2011-05-29 13:00:00,307.5375406597668
2011-05-29 14:00:00,328.96542881009594
2011-05-29 15:00:00,326.8673030347991
2011-05-29 16:00:00,358.6506236967782
2011-05-29 17:00:00,341.45264759052185
2011-05-29 18:00:00,300.3043529983279
2011-05-29 19:00:00,271.6116320200248
2011-05-29 20:00:00,202.4131388278877
2011-05-29 21:00:00,163.2506336862307
2011-05-29 22:00:00,109.05844763400208
2011-05-29 23:00:00,73.11005387892146
2011-05-30 00:00:00,37.27032006580563
2011-05-30 01:00:00,27.006965866151802
2011-05-30 02:00:00,15.290641581719985
2011-05-30 03:00:00,8.328393702683362
2011-05-30 04:00:00,6.8640235448562015
2011-05-30 05:00:00,10.681392239683849
2011-05-30 06:00:00,23.677328405906017
2011-05-30 07:00:00,80.17273916966187
2011-05-30 08:00:00,140.34231784945388
2011-05-30 09:00:00,219.96316374970806
2011-05-30 10:00:00,220.10516370848413
2011-05-30 11:00:00,217.8625830537161
2011-05-30 12:00:00,248.23264917622043
2011-05-30 13:00:00,247.45685605544227
2011-05-30 14:00:00,241.13939964786297
2011-05-30 15:00:00,242.72536654570737
2011-05-30 16:00:00,304.6140898682911
2011-05-30 17:00:00,407.7099586956891
2011-05-30 18:00:00,405.7602888638476
2011-05-30 19:00:00,292.3072504660164
2011-05-30 20:00:00,287.7080816784783
2011-05-30 21:00:00,232.69418167250095
2011-05-30 22:00:00,168.20521304812812
2011-05-30 23:00:00,84.44702087574596
2011-05-31 00:00:00,35.490358106447744
2011-05-31 01:00:00,14.758772207253042
2011-05-31 02:00:00,5.665915010420944
2011-05-31 03:00:00,4.0723816046635894
2011-05-31 04:00:00,6.698693978460567
2011-05-31 05:00:00,26.780959437101732
2011-05-31 06:00:00,117.41551656335116
2011-05-31 07:00:00,262.3952304848249
2011-05-31 08:00:00,410.6842573662399
2011-05-31 09:00:00,236.81685663982674
2011-05-31 10:00:00,143.82304719643915
2011-05-31 11:00:00,146.56276116890783
2011-05-31 12:00:00,173.9164303113987
2011-05-31 13:00:00,168.4244986744908
2011-05-31 14:00:00,169.0291814329636
2011-05-31 15:00:00,169.0291814329636
2011-05-31 16:00:00,246.618136834803
2011-05-31 17:00:00,445.197433140655
2011-05-31 18:00:00,443.4410767033072
2011-05-31 19:00:00,367.3216287608366
2011-05-31 20:00:00,286.25243213479064
2011-05-31 21:00:00,235.26377442022456
2011-05-31 22:00:00,173.32806050132905
2011-05-31 23:00:00,98.13112236571318
2011-06-20 00:00:00,33.95241511304671
2011-06-20 01:00:00,12.79507377478177
2011-06-20 02:00:00,7.3773939339728685
2011-06-20 03:00:00,4.39126301731149
2011-06-20 04:00:00,4.339144371976585
2011-06-20 05:00:00,20.525744734732974
2011-06-20 06:00:00,86.11007861878635
2011-06-20 07:00:00,117.31885039084834
2011-06-20 08:00:00,222.6231876301856
2011-06-20 09:00:00,209.97383562201367
2011-06-20 10:00:00,130.2014381282261
2011-06-20 11:00:00,136.87155298459237
2011-06-20 12:00:00,162.84724745370153
2011-06-20 13:00:00,185.31945675408832
2011-06-20 14:00:00,185.15877467744363
2011-06-20 15:00:00,185.15877467744363
2011-06-20 16:00:00,273.3745106820752
2011-06-20 17:00:00,467.22471850191164
2011-06-20 18:00:00,460.38310916809337
2011-06-20 19:00:00,347.266693882717
2011-06-20 20:00:00,241.80988578234746
2011-06-20 21:00:00,198.14833549059855
2011-06-20 22:00:00,140.99885745276532
2011-06-20 23:00:00,75.29489769042948
2011-06-21 00:00:00,31.799695107878705
2011-06-21 01:00:00,12.78492259327293
2011-06-21 02:00:00,6.301652076149507
2011-06-21 03:00:00,4.5642970912245415
2011-06-21 04:00:00,5.0687485602922875
2011-06-21 05:00:00,20.877136791323665
2011-06-21 06:00:00,91.36430619008077
2011-06-21 07:00:00,155.9252329513749
2011-06-21 08:00:00,337.8517835964698
2011-06-21 09:00:00,179.11191082880438
2011-06-21 10:00:00,127.00758205070622
2011-06-21 11:00:00,137.38591918320236
2011-06-21 12:00:00,167.12993931088008
2011-06-21 13:00:00,190.7639295762086
2011-06-21 14:00:00,191.91464829010891
2011-06-21 15:00:00,186.94032336952122
2011-06-21 16:00:00,272.31850005487314
2011-06-21 17:00:00,471.5130080757519
2011-06-21 18:00:00,425.4615905811858
2011-06-21 19:00:00,339.105046556486
2011-06-21 20:00:00,222.39922111258034
2011-06-21 21:00:00,211.98001525530685
2011-06-21 22:00:00,141.62193844505455
2011-06-21 23:00:00,95.20932666805776
2011-06-22 00:00:00,33.71272278688886
2011-06-22 01:00:00,15.228037160723574
2011-06-22 02:00:00,8.854870100010208
2011-06-22 03:00:00,6.342095758247547
2011-06-22 04:00:00,5.81235239494181
2011-06-22 05:00:00,21.531430487257076
2011-06-22 06:00:00,107.87722858311324
2011-06-22 07:00:00,236.6997666743668
2011-06-22 08:00:00,436.1660725346177
2011-06-22 09:00:00,229.12956451901474
2011-06-22 10:00:00,162.2565519755659
2011-06-22 11:00:00,166.36956470560375
2011-06-22 12:00:00,181.70749924150027
2011-06-22 13:00:00,174.23259893895477
2011-06-22 14:00:00,180.09449654028413
2011-06-22 15:00:00,173.55326656851688
2011-06-22 16:00:00,252.04408343300062
2011-06-22 17:00:00,457.71408685149686
2011-06-22 18:00:00,461.31479370795773
2011-06-22 19:00:00,363.87293467539456
2011-06-22 20:00:00,278.5878449934168
2011-06-22 21:00:00,209.95423308389348
2011-06-22 22:00:00,141.7727732530921
2011-06-22 23:00:00,85.80434325074931
2011-06-23 00:00:00,37.14372396064342
2011-06-23 01:00:00,17.71108784578759
2011-06-23 02:00:00,10.362762996156137
2011-06-23 03:00:00,6.72366273140832
2011-06-23 04:00:00,6.206900277214085
2011-06-23 05:00:00,27.834857907985842
2011-06-23 06:00:00,120.53502538166724
2011-06-23 07:00:00,250.44127645891837
2011-06-23 08:00:00,431.62840115397205
2011-06-23 09:00:00,243.54876961057764
2011-06-23 10:00:00,156.94452394973936
2011-06-23 11:00:00,137.9706425978725
2011-06-23 12:00:00,186.10083770754954
2011-06-23 13:00:00,185.57055304025369
2011-06-23 14:00:00,185.69800301573414
2011-06-23 15:00:00,184.39419972712645
2011-06-23 16:00:00,271.8102093119147
2011-06-23 17:00:00,376.79963170087393
2011-06-23 18:00:00,396.39629227006856
2011-06-23 19:00:00,312.3625045806298
2011-06-23 20:00:00,245.98246392512218
2011-06-23 21:00:00,200.96616271764978
2011-06-23 22:00:00,149.24325851678066
2011-06-23 23:00:00,101.63456227785306
2011-06-24 00:00:00,48.24840198529722
2011-06-24 01:00:00,22.21473645487291
2011-06-24 02:00:00,12.124295541235105
2011-06-24 03:00:00,7.170876060502726
2011-06-24 04:00:00,6.696345155708588
2011-06-24 05:00:00,21.470866300435237
2011-06-24 06:00:00,109.23107235103667
2011-06-24 07:00:00,224.40069502610027
2011-06-24 08:00:00,431.7794019111332
2011-06-24 09:00:00,257.4369772013698
2011-06-24 10:00:00,189.99255216564416
2011-06-24 11:00:00,205.0156174170115
2011-06-24 12:00:00,240.00150459189155
2011-06-24 13:00:00,238.33600528980799
2011-06-24 14:00:00,240.2891093873043
2011-06-24 15:00:00,235.91697134652804
2011-06-24 16:00:00,315.95507524081796
2011-06-24 17:00:00,497.3196994245531
2011-06-24 18:00:00,486.37598124700423
2011-06-24 19:00:00,360.3613194301311
2011-06-24 20:00:00,268.4643102713801
2011-06-24 21:00:00,225.44411821651758
2011-06-24 22:00:00,182.5384902303838
2011-06-24 23:00:00,128.52153265276326
2011-06-25 00:00:00,114.97377871810507
2011-06-25 01:00:00,92.4131006656874
2011-06-25 02:00:00,59.98954649604515
2011-06-25 03:00:00,25.30219682740472
2011-06-25 04:00:00,11.55948332563273
2011-06-25 05:00:00,10.32707769793805
2011-06-25 06:00:00,27.132689430293528
2011-06-25 07:00:00,95.88161347577592
2011-06-25 08:00:00,164.93174991062753
2011-06-25 09:00:00,217.0659864254958
2011-06-25 10:00:00,275.0931339658244
2011-06-25 11:00:00,306.5548415206492
2011-06-25 12:00:00,375.90206108420864
2011-06-25 13:00:00,375.90206108420864
2011-06-25 14:00:00,376.35184599469017
2011-06-25 15:00:00,378.3634570270902
2011-06-25 16:00:00,415.6308346255245
2011-06-25 17:00:00,417.2326655504892
2011-06-25 18:00:00,380.388446176367
2011-06-25 19:00:00,322.5483003129088
2011-06-25 20:00:00,275.52308477567357
2011-06-25 21:00:00,216.48006886571739
2011-06-25 22:00:00,176.99126967036642
2011-06-25 23:00:00,115.9911331933407
2011-06-26 00:00:00,108.65108002337148
2011-06-26 01:00:00,94.46982564976409
2011-06-26 02:00:00,61.294409199333394
2011-06-26 03:00:00,29.237440588245644
2011-06-26 04:00:00,12.290737530756614
2011-06-26 05:00:00,10.556035986989052
2011-06-26 06:00:00,23.528601071794718
2011-06-26 07:00:00,73.7688139470849
2011-06-26 08:00:00,119.62633072671278
2011-06-26 09:00:00,196.6183165224329
2011-06-26 10:00:00,280.9866310598443
2011-06-26 11:00:00,308.6101686045039
2011-06-26 12:00:00,389.3172573465983
2011-06-26 13:00:00,389.3172573465983
2011-06-26 14:00:00,389.3172573465983
2011-06-26 15:00:00,389.3172573465983
2011-06-26 16:00:00,414.8728999282182
2011-06-26 17:00:00,393.10346987633613
2011-06-26 18:00:00,350.14757155106474
2011-06-26 19:00:00,295.42214949818464
2011-06-26 20:00:00,234.46567706779808
2011-06-26 21:00:00,197.25595525047166
2011-06-26 22:00:00,161.80915938682665
2011-06-26 23:00:00,108.73629056598381
2011-06-27 00:00:00,29.00220865124656
2011-06-27 01:00:00,14.151104140999752
2011-06-27 02:00:00,7.427761401467555
2011-06-27 03:00:00,5.450220248298323
2011-06-27 04:00:00,5.76137056262724
2011-06-27 05:00:00,23.373959017392625
2011-06-27 06:00:00,105.17927713106742
2011-06-27 07:00:00,239.56445063421882
2011-06-27 08:00:00,408.8369333410736
2011-06-27 09:00:00,239.48954197058396
2011-06-27 10:00:00,151.62673653287243
2011-06-27 11:00:00,155.15553708842938
2011-06-27 12:00:00,181.99977104956292
2011-06-27 13:00:00,178.38758684076822
2011-06-27 14:00:00,178.2593018871507
2011-06-27 15:00:00,187.04530400091198
2011-06-27 16:00:00,280.9587035805912
2011-06-27 17:00:00,476.4562227321346
2011-06-27 18:00:00,475.9249548806331
2011-06-27 19:00:00,351.55491964180214
2011-06-27 20:00:00,271.94316944180184
2011-06-27 21:00:00,220.610822195951
2011-06-27 22:00:00,141.35676055643634
2011-06-27 23:00:00,84.40337149929788
2011-06-28 00:00:00,32.522653385710655
2011-06-28 01:00:00,15.775427796975425
2011-06-28 02:00:00,8.967241740966882
2011-06-28 03:00:00,6.425815111221508
2011-06-28 04:00:00,6.589753218525994
2011-06-28 05:00:00,25.494164466578507
2011-06-28 06:00:00,107.1468982747353
2011-06-28 07:00:00,226.11101250110886
2011-06-28 08:00:00,397.27728887739386
2011-06-28 09:00:00,253.7367663973565
2011-06-28 10:00:00,151.01608930700013
2011-06-28 11:00:00,156.8072153710606
2011-06-28 12:00:00,185.01337608552313
2011-06-28 13:00:00,184.09939455462387
2011-06-28 14:00:00,175.14204298023952
2011-06-28 15:00:00,172.76556535614068
2011-06-28 16:00:00,261.58420574768974
2011-06-28 17:00:00,375.433820681054
2011-06-28 18:00:00,396.9725490864397
2011-06-28 19:00:00,340.0039812521472
2011-06-28 20:00:00,285.3347273406106
2011-06-28 21:00:00,224.0759824579757
2011-06-28 22:00:00,139.66282910966123
2011-06-28 23:00:00,86.97983956154161
2011-06-29 00:00:00,29.4322568909191
2011-06-29 01:00:00,13.610623807588723
2011-06-29 02:00:00,8.322662133204265
2011-06-29 03:00:00,5.992132684785668
2011-06-29 04:00:00,6.146496479358651
2011-06-29 05:00:00,23.286207935534687
2011-06-29 06:00:00,109.7821055634435
2011-06-29 07:00:00,254.58004009333456
2011-06-29 08:00:00,406.988787120286
2011-06-29 09:00:00,246.83418379457206
2011-06-29 10:00:00,161.02293324398124
2011-06-29 11:00:00,160.08135944722162
2011-06-29 12:00:00,193.50074789296636
2011-06-29 13:00:00,191.13346628234885
2011-06-29 14:00:00,189.5817352654161
2011-06-29 15:00:00,189.46100581228742
2011-06-29 16:00:00,280.32951437200614
2011-06-29 17:00:00,495.79557711295007
2011-06-29 18:00:00,495.79557711295007
2011-06-29 19:00:00,366.1492256412827
2011-06-29 20:00:00,259.7146014850754
2011-06-29 21:00:00,214.72560074060598
2011-06-29 22:00:00,160.17952545897012
2011-06-29 23:00:00,96.566197404886
2011-06-30 00:00:00,39.226923594406955
2011-06-30 01:00:00,17.62239650283209
2011-06-30 02:00:00,10.070419369608805
2011-06-30 03:00:00,6.383006651617971
2011-06-30 04:00:00,6.2300579062010115
2011-06-30 05:00:00,24.772774141832723
2011-06-30 06:00:00,118.37830455729095
2011-06-30 07:00:00,256.71614535228025
2011-06-30 08:00:00,405.43979338687586
2011-06-30 09:00:00,246.10837880134247
2011-06-30 10:00:00,157.0098210120354
2011-06-30 11:00:00,164.13119942926497
2011-06-30 12:00:00,197.3350959503596
2011-06-30 13:00:00,197.4608166330169
2011-06-30 14:00:00,192.750558354494
2011-06-30 15:00:00,195.84132078017407
2011-06-30 16:00:00,282.1323113299365
2011-06-30 17:00:00,502.66891208900887
2011-06-30 18:00:00,504.2519425578166
2011-06-30 19:00:00,373.40811533570246
2011-06-30 20:00:00,277.6866564431207
2011-06-30 21:00:00,220.18941221933247
2011-06-30 22:00:00,166.25356412086626
2011-06-30 23:00:00,109.42807353734457
2011-07-20 00:00:00,33.10065014047285
2011-07-20 01:00:00,14.591230284702258
2011-07-20 02:00:00,8.468153642571215
2011-07-20 03:00:00,6.053983461180898
2011-07-20 04:00:00,6.146496479358651
2011-07-20 05:00:00,24.788338822911925
2011-07-20 06:00:00,95.58427938892885
2011-07-20 07:00:00,217.48607505507144
2011-07-20 08:00:00,451.7047768557258
2011-07-20 09:00:00,253.7367663973565
2011-07-20 10:00:00,160.5619760066459
2011-07-20 11:00:00,153.13283525152877
2011-07-20 12:00:00,175.85733563264964
2011-07-20 13:00:00,170.6535705176879
2011-07-20 14:00:00,168.74768502597442
2011-07-20 15:00:00,164.28318773233983
2011-07-20 16:00:00,248.44968910437987
2011-07-20 17:00:00,433.3965242490828
2011-07-20 18:00:00,435.1131863033323
2011-07-20 19:00:00,359.72302427540785
2011-07-20 20:00:00,266.3120768923727
2011-07-20 21:00:00,225.00258826808323
2011-07-20 22:00:00,172.2173027367999
2011-07-20 23:00:00,104.1952382942524
2011-07-21 00:00:00,39.07279517808279
2011-07-21 01:00:00,15.134143106911122
2011-07-21 02:00:00,8.797850653091231
2011-07-21 03:00:00,6.49554443009002
2011-07-21 04:00:00,5.683318092221687
2011-07-21 05:00:00,23.155491839795523
2011-07-21 06:00:00,100.37395437227214
2011-07-21 07:00:00,220.12593125211433
2011-07-21 08:00:00,394.18917789380066
2011-07-21 09:00:00,227.57980555019395
2011-07-21 10:00:00,147.06703555001442
2011-07-21 11:00:00,149.9797224476364
2011-07-21 12:00:00,169.40544842317718
2011-07-21 13:00:00,169.40544842317718
2011-07-21 14:00:00,164.83319224780524
2011-07-21 15:00:00,163.68412428294081
2011-07-21 16:00:00,250.35673939375206
2011-07-21 17:00:00,450.5426829208319
2011-07-21 18:00:00,432.96142821774146
2011-07-21 19:00:00,353.7286108076676
2011-07-21 20:00:00,258.275810847707
2011-07-21 21:00:00,217.60268642370943
2011-07-21 22:00:00,165.99682849419008
2011-07-21 23:00:00,118.79457917427956
2011-07-22 00:00:00,51.00944827655477
2011-07-22 01:00:00,26.031841934062857
2011-07-22 02:00:00,13.891552993289428
2011-07-22 03:00:00,8.43535583165199
2011-07-22 04:00:00,8.200285963686778
2011-07-22 05:00:00,27.427563665682875
2011-07-22 06:00:00,130.7712975698804
2011-07-22 07:00:00,256.6597132720824
2011-07-22 08:00:00,399.62458743039525
2011-07-22 09:00:00,226.79537941159546
2011-07-22 10:00:00,157.6965176573742
2011-07-22 11:00:00,166.45743533030335
2011-07-22 12:00:00,201.32038045220966
2011-07-22 13:00:00,196.22074182776464
2011-07-22 14:00:00,208.07246876110818
2011-07-22 15:00:00,203.12922437692558
2011-07-22 16:00:00,232.691277851409
2011-07-22 17:00:00,435.0806439476523
2011-07-22 18:00:00,422.06572113661394
2011-07-22 19:00:00,332.72064106605933
2011-07-22 20:00:00,256.0073530633825
2011-07-22 21:00:00,221.52288766426807
2011-07-22 22:00:00,176.7913381132416
2011-07-22 23:00:00,138.930083017191
2011-07-23 00:00:00,106.68722403761292
2011-07-23 01:00:00,96.70169327910077
2011-07-23 02:00:00,63.87319108283366
2011-07-23 03:00:00,29.386604468172255
2011-07-23 04:00:00,13.528248124863104
2011-07-23 05:00:00,11.075969265923012
2011-07-23 06:00:00,30.49947806535228
2011-07-23 07:00:00,101.85040648236782
2011-07-23 08:00:00,152.3641068379848
2011-07-23 09:00:00,194.433703475199
2011-07-23 10:00:00,253.02763533734742
2011-07-23 11:00:00,260.2457979815035
2011-07-23 12:00:00,305.358645951192
2011-07-23 13:00:00,305.358645951192
2011-07-23 14:00:00,305.7242462234431
2011-07-23 15:00:00,305.358645951192
2011-07-23 16:00:00,340.3107220444558
2011-07-23 17:00:00,350.27319309850765
2011-07-23 18:00:00,331.4621441925585
2011-07-23 19:00:00,298.90924365416964
2011-07-23 20:00:00,268.6073840107947
2011-07-23 21:00:00,225.67137286922232
2011-07-23 22:00:00,188.63389300293557
2011-07-23 23:00:00,146.1063667225425
2011-07-24 00:00:00,109.60102143941292
2011-07-24 01:00:00,99.03675803144674
2011-07-24 02:00:00,62.20652051879531
2011-07-24 03:00:00,29.08044800700017
2011-07-24 04:00:00,13.347681388375575
2011-07-24 05:00:00,11.583450677460155
2011-07-24 06:00:00,24.101328887671126
2011-07-24 07:00:00,80.18261183540038
2011-07-24 08:00:00,128.38457847994243
2011-07-24 09:00:00,193.70352021849624
2011-07-24 10:00:00,258.50592358242903
2011-07-24 11:00:00,275.7818305041502
2011-07-24 12:00:00,315.9582031044371
2011-07-24 13:00:00,340.52227156067113
2011-07-24 14:00:00,326.71018174463063
2011-07-24 15:00:00,317.68074445672187
2011-07-24 16:00:00,344.06058842493377
2011-07-24 17:00:00,345.19256711294884
2011-07-24 18:00:00,317.1360033757931
2011-07-24 19:00:00,283.2712324707175
2011-07-24 20:00:00,234.98756155253625
2011-07-24 21:00:00,200.0800635978235
2011-07-24 22:00:00,166.6412754883951
2011-07-24 23:00:00,99.73290439695172
2011-07-25 00:00:00,36.741356769740065
2011-07-25 01:00:00,16.853317129635904
2011-07-25 02:00:00,9.011293614098912
2011-07-25 03:00:00,6.766275413684099
2011-07-25 04:00:00,5.920571356092341
2011-07-25 05:00:00,23.97308149448144
2011-07-25 06:00:00,100.35045875090087
2011-07-25 07:00:00,240.27907460734687
2011-07-25 08:00:00,429.8655205788035
2011-07-25 09:00:00,232.00969584315416
2011-07-25 10:00:00,144.37809796902278
2011-07-25 11:00:00,145.6587412752171
2011-07-25 12:00:00,168.66441064696448
2011-07-25 13:00:00,175.3689601760322
2011-07-25 14:00:00,154.98540605982075
2011-07-25 15:00:00,143.14757764168849
2011-07-25 16:00:00,211.96321234032308
2011-07-25 17:00:00,419.4706841598812
2011-07-25 18:00:00,449.4032219065
2011-07-25 19:00:00,354.6702179325016
2011-07-25 20:00:00,258.8609098238024
2011-07-25 21:00:00,174.81238885403806
2011-07-25 22:00:00,132.6196271134888
2011-07-25 23:00:00,79.51479296413811
2011-07-26 00:00:00,34.42645871055537
2011-07-26 01:00:00,15.197406021658512
2011-07-26 02:00:00,8.054747877870291
2011-07-26 03:00:00,5.75902134239116
2011-07-26 04:00:00,5.693680246061043
2011-07-26 05:00:00,21.531430487257076
2011-07-26 06:00:00,106.39080728632783
2011-07-26 07:00:00,242.0624655460893
2011-07-26 08:00:00,426.73378584213685
2011-07-26 09:00:00,240.5388250295607
2011-07-26 10:00:00,149.11214633782456
2011-07-26 11:00:00,152.25516300266236
2011-07-26 12:00:00,184.88726605582045
2011-07-26 13:00:00,187.78283926548337
2011-07-26 14:00:00,186.1268901645065
2011-07-26 15:00:00,181.44837863843495
2011-07-26 16:00:00,271.09761973804126
2011-07-26 17:00:00,485.988232688568
2011-07-26 18:00:00,487.1319293125832
2011-07-26 19:00:00,365.65094997283177
2011-07-26 20:00:00,275.7060650349821
2011-07-26 21:00:00,225.44798173069557
2011-07-26 22:00:00,176.8728765794049
2011-07-26 23:00:00,106.69023350129905
2011-07-27 00:00:00,36.69620996447398
2011-07-27 01:00:00,16.99744620074242
2011-07-27 02:00:00,9.068837011757669
2011-07-27 03:00:00,6.272279934498378
2011-07-27 04:00:00,6.32530185218975
2011-07-27 05:00:00,24.46225536149315
2011-07-27 06:00:00,118.59556948135578
2011-07-27 07:00:00,236.28085105685855
2011-07-27 08:00:00,403.9313047808941
2011-07-27 09:00:00,243.6292336622449
2011-07-27 10:00:00,146.999236491705
2011-07-27 11:00:00,152.25516300266236
2011-07-27 12:00:00,191.13346628234885
2011-07-27 13:00:00,188.16479552871542
2011-07-27 14:00:00,185.22366458908976
2011-07-27 15:00:00,182.6630446142651
2011-07-27 16:00:00,267.09641457931957
2011-07-27 17:00:00,486.2511430098969
2011-07-27 18:00:00,500.3807040111909
2011-07-27 19:00:00,370.9719842817055
2011-07-27 20:00:00,274.99085810350545
2011-07-27 21:00:00,228.57457284167506
2011-07-27 22:00:00,165.6789439047228
2011-07-27 23:00:00,106.01938599700239
2011-07-28 00:00:00,41.52140959825974
2011-07-28 01:00:00,18.151194724528406
2011-07-28 02:00:00,10.497489833258646
2011-07-28 03:00:00,6.610415174251166
2011-07-28 04:00:00,6.691704848086104
2011-07-28 05:00:00,28.570070501083503
2011-07-28 06:00:00,118.66268720460168
2011-07-28 07:00:00,248.94176036963054
2011-07-28 08:00:00,440.51822095931493
2011-07-28 09:00:00,243.98206739200123
2011-07-28 10:00:00,159.1538218898373
2011-07-28 11:00:00,153.2508856248457
2011-07-28 12:00:00,174.92743143917204
2011-07-28 13:00:00,176.33254238220522
2011-07-28 14:00:00,178.25353872107144
2011-07-28 15:00:00,165.45919970657928
2011-07-28 16:00:00,255.37428696986814
2011-07-28 17:00:00,446.96609742456803
2011-07-28 18:00:00,435.30166225055564
2011-07-28 19:00:00,352.5640698123224
2011-07-28 20:00:00,277.01042116064707
2011-07-28 21:00:00,225.91179249466893
2011-07-28 22:00:00,174.6949467049751
2011-07-28 23:00:00,122.31841748250254
2011-07-29 00:00:00,53.182659138862114
2011-07-29 01:00:00,26.785820592153872
2011-07-29 02:00:00,14.708527297565654
2011-07-29 03:00:00,8.12804540262363
2011-07-29 04:00:00,6.577513886668555
2011-07-29 05:00:00,24.331960605153313
2011-07-29 06:00:00,103.36768065493725
2011-07-29 07:00:00,247.46199728834011
2011-07-29 08:00:00,410.6840586271551
2011-07-29 09:00:00,236.56329097460804
2011-07-29 10:00:00,173.39712506962576
2011-07-29 11:00:00,182.3009678955039
2011-07-29 12:00:00,207.82326462273176
2011-07-29 13:00:00,200.14377214143178
2011-07-29 14:00:00,201.46122549593665
2011-07-29 15:00:00,201.46122549593665
2011-07-29 16:00:00,272.2221803244335
2011-07-29 17:00:00,433.78856327887763
2011-07-29 18:00:00,427.6431066231945
2011-07-29 19:00:00,314.5572637976756
2011-07-29 20:00:00,246.60381641683128
2011-07-29 21:00:00,232.82884363062652
2011-07-29 22:00:00,187.53463375960482
2011-07-29 23:00:00,140.6647504527123
2011-07-30 00:00:00,118.70173798047301
2011-07-30 01:00:00,99.60761344886517
2011-07-30 02:00:00,65.80270026652876
2011-07-30 03:00:00,27.640568835426123
2011-07-30 04:00:00,12.32713923440128
2011-07-30 05:00:00,10.881387518156547
2011-07-30 06:00:00,26.729264714159253
2011-07-30 07:00:00,95.31705411462174
2011-07-30 08:00:00,146.32238718646622
2011-07-30 09:00:00,215.65795266777639
2011-07-30 10:00:00,284.21732479782685
2011-07-30 11:00:00,291.04358517906593
2011-07-30 12:00:00,355.9970051340712
2011-07-30 13:00:00,335.07648601288474
2011-07-30 14:00:00,312.48346987703917
2011-07-30 15:00:00,312.48346987703917
2011-07-30 16:00:00,350.69063927620624
2011-07-30 17:00:00,358.4425713216237
2011-07-30 18:00:00,357.2259290073167
2011-07-30 19:00:00,330.53114961675203
2011-07-30 20:00:00,282.2550554464128
2011-07-30 21:00:00,240.19353460379511
2011-07-30 22:00:00,191.85968563281375
2011-07-30 23:00:00,155.5016583263366
2011-07-31 00:00:00,117.70701371061963
2011-07-31 01:00:00,96.62327843657378
2011-07-31 02:00:00,66.90153001932092
2011-07-31 03:00:00,31.960060862097635
2011-07-31 04:00:00,12.605450004379941
2011-07-31 05:00:00,11.003112227120324
2011-07-31 06:00:00,26.118886433646967
2011-07-31 07:00:00,84.08742144095011
2011-07-31 08:00:00,137.32658655154034
2011-07-31 09:00:00,206.84923325534953
2011-07-31 10:00:00,275.23419251389464
2011-07-31 11:00:00,286.10372046030466
2011-07-31 12:00:00,339.9095392056518
2011-07-31 13:00:00,339.46818922576006
2011-07-31 14:00:00,339.46818922576006
2011-07-31 15:00:00,324.1159551071455
2011-07-31 16:00:00,346.55668659571313
2011-07-31 17:00:00,320.8010970298632
2011-07-31 18:00:00,339.96279678143054
2011-07-31 19:00:00,306.88146841448525
2011-07-31 20:00:00,246.0098866609279
2011-07-31 21:00:00,193.36359118465543
2011-07-31 22:00:00,149.58997069569313
2011-07-31 23:00:00,109.34988156940435
2011-08-20 00:00:00,82.85188033151674
2011-08-20 01:00:00,76.80267181029744
2011-08-20 02:00:00,52.173687331151505
2011-08-20 03:00:00,24.505014516620584
2011-08-20 04:00:00,9.283482457482041
2011-08-20 05:00:00,9.460670847183225
2011-08-20 06:00:00,22.254167001518336
2011-08-20 07:00:00,71.80505567485051
2011-08-20 08:00:00,129.92862991354704
2011-08-20 09:00:00,209.98016453846986
2011-08-20 10:00:00,255.87935475432323
2011-08-20 11:00:00,269.02632123481953
2011-08-20 12:00:00,344.4557322426671
2011-08-20 13:00:00,357.97643738777623
2011-08-20 14:00:00,366.80559916522765
2011-08-20 15:00:00,367.22178106589723
2011-08-20 16:00:00,405.4746208235108
2011-08-20 17:00:00,408.35263319555827
2011-08-20 18:00:00,360.8196442977044
2011-08-20 19:00:00,324.9620277106126
2011-08-20 20:00:00,290.47825711862055
2011-08-20 21:00:00,209.8617011781261
2011-08-20 22:00:00,158.7607141222838
2011-08-20 23:00:00,128.4180578655157
2011-08-21 00:00:00,109.1180879906116
2011-08-21 01:00:00,82.73496999192874
2011-08-21 02:00:00,56.08929556532617
2011-08-21 03:00:00,26.05845327711529
2011-08-21 04:00:00,10.669842176315305
2011-08-21 05:00:00,7.344845107588927
2011-08-21 06:00:00,16.46962936928512
2011-08-21 07:00:00,68.17274799966285
2011-08-21 08:00:00,109.27525598203091
2011-08-21 09:00:00,191.70284883839838
2011-08-21 10:00:00,276.258502508206
2011-08-21 11:00:00,283.6129064090353
2011-08-21 12:00:00,328.23859876762896
2011-08-21 13:00:00,342.3206857219978
2011-08-21 14:00:00,192.31237465177932
2011-08-21 15:00:00,237.61092902289207
2011-08-21 16:00:00,303.5668190702435
2011-08-21 17:00:00,290.4431222816721
2011-08-21 18:00:00,262.84225115201224
2011-08-21 19:00:00,253.0256404474986
2011-08-21 20:00:00,192.3340042400124
2011-08-21 21:00:00,161.5448217012967
2011-08-21 22:00:00,122.9479621016787
2011-08-21 23:00:00,95.65262678926518
2011-08-22 00:00:00,33.65661698823202
2011-08-22 01:00:00,14.952431312863649
2011-08-22 02:00:00,10.245347347728538
2011-08-22 03:00:00,7.5639560898042895
2011-08-22 04:00:00,6.632633411062467
2011-08-22 05:00:00,25.45219422042774
2011-08-22 06:00:00,115.11328560267332
2011-08-22 07:00:00,247.97672620486858
2011-08-22 08:00:00,421.67640683748806
2011-08-22 09:00:00,238.47813186533116
2011-08-22 10:00:00,156.95453819598004
2011-08-22 11:00:00,156.8570948367903
2011-08-22 12:00:00,193.33015331584357
2011-08-22 13:00:00,193.2089607197423
2011-08-22 14:00:00,193.33015331584357
2011-08-22 15:00:00,193.33015331584357
2011-08-22 16:00:00,281.93423301835605
2011-08-22 17:00:00,493.9705873408884
2011-08-22 18:00:00,475.8875281322604
2011-08-22 19:00:00,346.8713517845451
2011-08-22 20:00:00,254.5799881872844
2011-08-22 21:00:00,207.12842263478845
2011-08-22 22:00:00,142.71497029001566
2011-08-22 23:00:00,88.01308412002
2011-08-23 00:00:00,36.7452393994285
2011-08-23 01:00:00,15.426722339356406
2011-08-23 02:00:00,8.657200969403574
2011-08-23 03:00:00,5.436588247249923
2011-08-23 04:00:00,5.867740725708167
2011-08-23 05:00:00,23.519211387278578
2011-08-23 06:00:00,109.53896853425479
2011-08-23 07:00:00,228.8940607721939
2011-08-23 08:00:00,381.365007536563
2011-08-23 09:00:00,241.5302490388179
2011-08-23 10:00:00,152.40988036966863
2011-08-23 11:00:00,152.8201952816752
2011-08-23 12:00:00,187.04106877463803
2011-08-23 13:00:00,189.4078897544766
2011-08-23 14:00:00,189.4078897544766
2011-08-23 15:00:00,187.83127741415603
2011-08-23 16:00:00,274.5317324530904
2011-08-23 17:00:00,478.27751964218595
2011-08-23 18:00:00,478.86422351683893
2011-08-23 19:00:00,327.4901179390769
2011-08-23 20:00:00,248.12693935223916
2011-08-23 21:00:00,209.69069961204906
2011-08-23 22:00:00,159.59590293061123
2011-08-23 23:00:00,101.431711686271
2011-08-24 00:00:00,35.92293809781663
2011-08-24 01:00:00,16.12735202232057
2011-08-24 02:00:00,8.206549071951502
2011-08-24 03:00:00,5.97568794379561
2011-08-24 04:00:00,6.127316672454104
2011-08-24 05:00:00,24.884363138633287
2011-08-24 06:00:00,108.2826390069532
2011-08-24 07:00:00,256.9875485032673
2011-08-24 08:00:00,419.0785719893609
2011-08-24 09:00:00,231.0208690101442
2011-08-24 10:00:00,157.3417853492048
2011-08-24 11:00:00,161.2859994201061
2011-08-24 12:00:00,192.0237086835385
2011-08-24 13:00:00,193.06955426112484
2011-08-24 14:00:00,193.06955426112484
2011-08-24 15:00:00,192.67758209122582
2011-08-24 16:00:00,276.40457511721644
2011-08-24 17:00:00,468.9821582737613
2011-08-24 18:00:00,472.2103137448621
2011-08-24 19:00:00,368.813985686044
2011-08-24 20:00:00,257.0032974847987
2011-08-24 21:00:00,211.44025813508364
2011-08-24 22:00:00,157.89023777552723
2011-08-24 23:00:00,82.68963853202911
2011-08-25 00:00:00,35.59691897562812
2011-08-25 01:00:00,15.615587635768282
2011-08-25 02:00:00,9.0902195480634
2011-08-25 03:00:00,5.911216266166958
2011-08-25 04:00:00,5.631176643133067
2011-08-25 05:00:00,22.707019602771773
2011-08-25 06:00:00,103.40901780084042
2011-08-25 07:00:00,213.2312296452648
2011-08-25 08:00:00,390.19463933656033
2011-08-25 09:00:00,227.02535882574543
2011-08-25 10:00:00,162.60394710677411
2011-08-25 11:00:00,108.50172409843142
2011-08-25 12:00:00,117.22539198081445
2011-08-25 13:00:00,156.5078944735487
2011-08-25 14:00:00,168.45087410148162
2011-08-25 15:00:00,179.4190830289885
2011-08-25 16:00:00,215.05966248189992
2011-08-25 17:00:00,352.01876182614484
2011-08-25 18:00:00,340.68504271710486
2011-08-25 19:00:00,270.88863790821034
2011-08-25 20:00:00,199.2570235872919
2011-08-25 21:00:00,166.53887062978325
2011-08-25 22:00:00,130.2471575720181
2011-08-25 23:00:00,92.8502852869239
2011-08-26 00:00:00,44.93701176512991
2011-08-26 01:00:00,22.433075854994335
2011-08-26 02:00:00,11.20029294330425
2011-08-26 03:00:00,6.238000935270325
2011-08-26 04:00:00,5.726781316990937
2011-08-26 05:00:00,20.689838238154824
2011-08-26 06:00:00,95.63436556943978
2011-08-26 07:00:00,221.37948805941022
2011-08-26 08:00:00,387.5973707929841
2011-08-26 09:00:00,248.10101579807971
2011-08-26 10:00:00,187.8107047530587
2011-08-26 11:00:00,194.3720894434519
2011-08-26 12:00:00,228.12235345633204
2011-08-26 13:00:00,221.88427167340777
2011-08-26 14:00:00,223.9480001964335
2011-08-26 15:00:00,220.64199449391677
2011-08-26 16:00:00,302.85523169938665
2011-08-26 17:00:00,435.32800959153906
2011-08-26 18:00:00,412.2278932825132
2011-08-26 19:00:00,292.48272380519427
2011-08-26 20:00:00,235.0855611279532
2011-08-26 21:00:00,196.97549886299254
2011-08-26 22:00:00,159.4639787074418
2011-08-26 23:00:00,110.35129971687672
2011-08-27 00:00:00,95.45316602537686
2011-08-27 01:00:00,81.06066498249061
2011-08-27 02:00:00,53.24660925603858
2011-08-27 03:00:00,23.229553322623104
2011-08-27 04:00:00,10.352280662741773
2011-08-27 05:00:00,8.687292262586613
2011-08-27 06:00:00,21.472302133620836
2011-08-27 07:00:00,74.70050985199661
2011-08-27 08:00:00,112.08494365448307
2011-08-27 09:00:00,146.3481623796323
2011-08-27 10:00:00,192.1632195816166
2011-08-27 11:00:00,111.70831015097687
2011-08-27 12:00:00,144.73960003802966
2011-08-27 13:00:00,155.15591642948328
2011-08-27 14:00:00,103.07032449624133
2011-08-27 15:00:00,103.33305421916165
2011-08-27 16:00:00,119.88888260838294
2011-08-27 17:00:00,122.21233800149035
2011-08-28 07:00:00,50.34429525405601
2011-08-28 08:00:00,63.22542892509489
2011-08-28 09:00:00,169.1097101199562
2011-08-28 10:00:00,257.83072233024455
2011-08-28 11:00:00,281.70497185112845
2011-08-28 12:00:00,366.4431195625041
2011-08-28 13:00:00,386.35232034456396
2011-08-28 14:00:00,380.954983827876
2011-08-28 15:00:00,380.954983827876
2011-08-28 16:00:00,407.01166556951193
2011-08-28 17:00:00,405.25152471852294
2011-08-28 18:00:00,365.6270924017111
2011-08-28 19:00:00,298.53833572920684
2011-08-28 20:00:00,241.48692323438829
2011-08-28 21:00:00,187.831038327372
2011-08-28 22:00:00,133.99824720976613
2011-08-28 23:00:00,81.221009266747
2011-08-29 00:00:00,32.662023970365965
2011-08-29 01:00:00,14.374320695025364
2011-08-29 02:00:00,8.143724025143717
2011-08-29 03:00:00,6.074097126394333
2011-08-29 04:00:00,5.97568794379561
2011-08-29 05:00:00,24.884363138633287
2011-08-29 06:00:00,108.2826390069532
2011-08-29 07:00:00,255.8648768051723
2011-08-29 08:00:00,411.55487097369684
2011-08-29 09:00:00,228.15197871703586
2011-08-29 10:00:00,152.03579208639604
2011-08-29 11:00:00,156.8132658888988
2011-08-29 12:00:00,183.23641703053917
2011-08-29 13:00:00,185.7513720148424
2011-08-29 14:00:00,187.0538616094799
2011-08-29 15:00:00,187.0538616094799
2011-08-29 16:00:00,274.55047746432615
2011-08-29 17:00:00,476.6987827355101
2011-08-29 18:00:00,466.8773643698621
2011-08-29 19:00:00,347.8012881994024
2011-08-29 20:00:00,249.644327833758
2011-08-29 21:00:00,200.96148336246094
2011-08-29 22:00:00,155.23167598912946
2011-08-29 23:00:00,94.63214327523997
2011-08-30 00:00:00,32.74204006233798
2011-08-30 01:00:00,14.16044543920467
2011-08-30 02:00:00,8.368584417246513
2011-08-30 03:00:00,5.83618315459759
2011-08-30 04:00:00,5.907948417294918
2011-08-30 05:00:00,24.280181674277667
2011-08-30 06:00:00,108.2826390069532
2011-08-30 07:00:00,229.14434877205792
2011-08-30 08:00:00,412.7785150327937
2011-08-30 09:00:00,226.90220204740464
2011-08-30 10:00:00,152.09371203670094
2011-08-30 11:00:00,157.7558825184497
2011-08-30 12:00:00,189.4078897544766
2011-08-30 13:00:00,194.35676948049976
2011-08-30 14:00:00,194.35676948049976
2011-08-30 15:00:00,193.29391711068112
2011-08-30 16:00:00,283.42893084159687
2011-08-30 17:00:00,479.43688073764827
2011-08-30 18:00:00,476.60185753726
2011-08-30 19:00:00,330.37776388932025
2011-08-30 20:00:00,246.0649004856168
2011-08-30 21:00:00,215.30819711774333
2011-08-30 22:00:00,162.90433839908303
2011-08-30 23:00:00,101.12889139634929
2011-08-31 00:00:00,32.62623228539547
2011-08-31 01:00:00,14.374320695025364
2011-08-31 02:00:00,8.368584417246513
2011-08-31 03:00:00,5.9846590763642284
2011-08-31 04:00:00,6.127316672454104
2011-08-31 05:00:00,23.60669749912038
2011-08-31 06:00:00,105.7318115243438
2011-08-31 07:00:00,227.38664943643073
2011-08-31 08:00:00,419.0785719893609
2011-08-31 09:00:00,233.0894144404325
2011-08-31 10:00:00,154.995856089476
2011-08-31 11:00:00,157.5464408167485
2011-08-31 12:00:00,193.17438664983115
2011-08-31 13:00:00,194.35676948049976
2011-08-31 14:00:00,194.35676948049976
2011-08-31 15:00:00,194.35676948049976
2011-08-31 16:00:00,282.64301571355855
2011-08-31 17:00:00,482.61330016410346
2011-08-31 18:00:00,456.57289623526026
2011-08-31 19:00:00,363.86996366399103
2011-08-31 20:00:00,257.6113541784891
2011-08-31 21:00:00,215.30819711774333
2011-08-31 22:00:00,146.61026197063515
2011-08-31 23:00:00,82.24808851316973
2011-09-20 00:00:00,31.709120682303656
2011-09-20 01:00:00,11.90198236070401
2011-09-20 02:00:00,6.8350424600390705
2011-09-20 03:00:00,5.555088561513718
2011-09-20 04:00:00,5.005285926191477
2011-09-20 05:00:00,20.458263395501778
2011-09-20 06:00:00,89.98743021432517
2011-09-20 07:00:00,193.29880558199477
2011-09-20 08:00:00,150.22832602287866
2011-09-20 09:00:00,86.86308078364016
2011-09-20 10:00:00,74.89223155442865
2011-09-20 11:00:00,76.4498420625844
2011-09-20 12:00:00,99.5009504277309
2011-09-20 13:00:00,99.5009504277309
2011-09-20 14:00:00,123.31111513858833
2011-09-20 15:00:00,148.1101196171777
2011-09-20 16:00:00,203.84544165041817
2011-09-20 17:00:00,328.8496867857436
2011-09-20 18:00:00,328.8496867857436
2011-09-20 19:00:00,237.11622841408416
2011-09-20 20:00:00,152.7561262933537
2011-09-20 21:00:00,124.63655463770158
2011-09-20 22:00:00,96.41604828481304
2011-09-20 23:00:00,60.23318918985408
2011-09-21 00:00:00,23.16481578751149
2011-09-21 01:00:00,10.152063182552084
2011-09-21 02:00:00,5.814330226301356
2011-09-21 03:00:00,3.8992464686016515
2011-09-21 04:00:00,3.85957547864567
2011-09-21 05:00:00,16.165210546790128
2011-09-21 06:00:00,68.02226021035446
2011-09-21 07:00:00,143.21808734231632
2011-09-21 08:00:00,254.6997364899532
2011-09-21 09:00:00,139.3576470093255
2011-09-21 10:00:00,113.55745219311042
2011-09-21 11:00:00,130.7325258763756
2011-09-21 12:00:00,148.1101196171777
2011-09-21 13:00:00,170.95553082296837
2011-09-21 14:00:00,169.37107026034278
2011-09-21 15:00:00,170.95553082296837
2011-09-21 16:00:00,248.19862265811705
2011-09-21 17:00:00,338.4940227379163
2011-09-21 18:00:00,236.2688434307217
2011-09-21 19:00:00,136.82472973799923
2011-09-21 20:00:00,103.62554814389995
2011-09-21 21:00:00,110.83323242176215
2011-09-21 22:00:00,89.21334190050494
2011-09-21 23:00:00,60.23318918985408
2011-09-22 00:00:00,25.380935893780048
2011-09-22 01:00:00,10.210953485625256
2011-09-22 02:00:00,5.8503144173607735
2011-09-22 03:00:00,3.935136023299747
2011-09-22 04:00:00,3.9021848559199066
2011-09-22 05:00:00,16.606532099233114
2011-09-22 06:00:00,70.2908635851861
2011-09-22 07:00:00,147.95820507621025
2011-09-22 08:00:00,254.75533289864663
2011-09-22 09:00:00,145.0365538700797
2011-09-22 10:00:00,111.28727309644405
2011-09-22 11:00:00,114.2866339329759
2011-09-22 12:00:00,155.71704042493994
2011-09-22 13:00:00,154.16408947111714
2011-09-22 14:00:00,154.1501572696374
2011-09-22 15:00:00,159.6101081392319
2011-09-22 16:00:00,248.41759699231628
2011-09-22 17:00:00,386.1973000465451
2011-09-22 18:00:00,335.62168208216775
2011-09-22 19:00:00,232.58429975837407
2011-09-22 20:00:00,142.14721673809632
2011-09-22 21:00:00,144.02953708286617
2011-09-22 22:00:00,86.94294301315333
2011-09-22 23:00:00,64.78678810088955
2011-09-23 00:00:00,32.9532533528557
2011-09-23 01:00:00,16.753419618896178
2011-09-23 02:00:00,9.098975208115615
2011-09-23 03:00:00,5.037435178647598
2011-09-23 04:00:00,4.115452231795165
2011-09-23 05:00:00,17.829830729182152
2011-09-23 06:00:00,79.20806620609109
2011-09-23 07:00:00,109.26730471837614
2011-09-23 08:00:00,183.1760623068302
2011-09-23 09:00:00,99.94342116775964
2011-09-23 10:00:00,74.71862948342246
2011-09-23 11:00:00,78.52806608471256
2011-09-23 12:00:00,88.09131962686814
2011-09-23 13:00:00,82.7933963968039
2011-09-23 14:00:00,82.7933963968039
2011-09-23 15:00:00,88.31623424910532
2011-09-23 16:00:00,116.9100582143839
2011-09-23 17:00:00,229.37525060937622
2011-09-23 18:00:00,238.55811319658147
2011-09-23 19:00:00,198.3448745886737
2011-09-23 20:00:00,159.73966958500964
2011-09-23 21:00:00,128.56260975804406
2011-09-23 22:00:00,110.46599759326439
2011-09-23 23:00:00,75.42996960416129
2011-09-24 00:00:00,73.77161558795437
2011-09-24 01:00:00,58.895569708448605
2011-09-24 02:00:00,38.88228098072558
2011-09-24 03:00:00,19.703203246446776
2011-09-24 04:00:00,8.652483387929868
2011-09-24 05:00:00,7.052239046579784
2011-09-24 06:00:00,16.847634209446383
2011-09-24 07:00:00,64.76170568258408
2011-09-24 08:00:00,103.60996199905551
2011-09-24 09:00:00,141.56306949429498
2011-09-24 10:00:00,174.13436830145662
2011-09-24 11:00:00,212.89201625184847
2011-09-24 12:00:00,239.65171457971812
2011-09-24 13:00:00,248.84940336796396
2011-09-24 14:00:00,288.4655355386652
2011-09-24 15:00:00,288.4655355386652
2011-09-24 16:00:00,282.8449861030969
2011-09-24 17:00:00,322.8727607246404
2011-09-24 18:00:00,257.4230568402829
2011-09-24 19:00:00,198.09035314928775
2011-09-24 20:00:00,199.83336759936196
2011-09-24 21:00:00,167.84988264963042
2011-09-24 22:00:00,118.0801238638279
2011-09-24 23:00:00,92.49099944449837
2011-09-25 00:00:00,78.10138625850271
2011-09-25 01:00:00,70.10966701256541
2011-09-25 02:00:00,35.76805767220735
2011-09-25 03:00:00,17.2886263738322
2011-09-25 04:00:00,7.019579488223773
2011-09-25 05:00:00,8.445766907259419
2011-09-25 06:00:00,17.95210041553454
2011-09-25 07:00:00,47.348813649815774
2011-09-25 08:00:00,92.3980530285942
2011-09-25 09:00:00,160.58039117754913
2011-09-25 10:00:00,206.35679378239402
2011-09-25 11:00:00,243.88116109784076
2011-09-25 12:00:00,274.24240121638087
2011-09-25 13:00:00,293.2773588828014
2011-09-25 14:00:00,274.24240121638087
2011-09-25 15:00:00,274.24240121638087
2011-09-25 16:00:00,346.9164150398067
2011-09-25 17:00:00,314.951352725363
2011-09-25 18:00:00,285.0598236234859
2011-09-25 19:00:00,202.3297507944185
2011-09-25 20:00:00,176.63569587431874
2011-09-25 21:00:00,114.36910387585063
2011-09-25 22:00:00,107.14476686284469
2011-09-25 23:00:00,56.78112518198206
2011-09-26 00:00:00,22.87691378958866
2011-09-26 01:00:00,12.15182019901996
2011-09-26 02:00:00,6.986762561385034
2011-09-26 03:00:00,4.3097800297449185
2011-09-26 04:00:00,4.3097800297449185
2011-09-26 05:00:00,21.053983600746378
2011-09-26 06:00:00,78.60335024975551
2011-09-26 07:00:00,168.328538090018
2011-09-26 08:00:00,291.0363755764444
2011-09-26 09:00:00,183.116332104414
2011-09-26 10:00:00,112.67080033709499
2011-09-26 11:00:00,150.5446932417877
2011-09-26 12:00:00,162.32565486657614
2011-09-26 13:00:00,177.67221810196145
2011-09-26 14:00:00,184.1705316621849
2011-09-26 15:00:00,209.28240811726263
2011-09-26 16:00:00,308.41125606419416
2011-09-26 17:00:00,434.5073564176655
2011-09-26 18:00:00,377.3057483766712
2011-09-26 19:00:00,298.55642582230996
2011-09-26 20:00:00,185.7421565502777
2011-09-26 21:00:00,151.07118036857955
2011-09-26 22:00:00,101.58165222629572
2011-09-26 23:00:00,61.155806970183
2011-09-27 00:00:00,25.34089788926122
2011-09-27 01:00:00,10.977008602669226
2011-09-27 02:00:00,6.367825061337827
2011-09-27 03:00:00,4.3097800297449185
2011-09-27 04:00:00,3.664062657514217
2011-09-27 05:00:00,15.537907408243228
2011-09-27 06:00:00,78.60335024975551
2011-09-27 07:00:00,168.328538090018
2011-09-27 08:00:00,336.7474989072185
2011-09-27 09:00:00,108.76855764673918
2011-09-27 10:00:00,67.21512574065878
2011-09-27 11:00:00,116.7501618370371
2011-09-27 12:00:00,125.73463693226466
2011-09-27 13:00:00,177.38409988712485
2011-09-27 14:00:00,162.32565486657614
2011-09-27 15:00:00,158.36676435063518
2011-09-27 16:00:00,225.68520659576853
2011-09-27 17:00:00,294.33143267638053
2011-09-27 18:00:00,293.3156622023723
2011-09-27 19:00:00,235.3026679887232
2011-09-27 20:00:00,222.3581317823001
2011-09-27 21:00:00,172.422789110369
2011-09-27 22:00:00,118.582391346401
2011-09-27 23:00:00,74.16637476076814
2011-09-28 00:00:00,28.733454359766185
2011-09-28 01:00:00,12.594495476571286
2011-09-28 02:00:00,6.958863921119604
2011-09-28 03:00:00,4.3097800297449185
2011-09-28 04:00:00,5.3237244950960285
2011-09-28 05:00:00,17.9637167359274
2011-09-28 06:00:00,57.46769531032525
2011-09-28 07:00:00,102.45666859088173
2011-09-28 08:00:00,164.31965149761513
2011-09-28 09:00:00,95.05008715404743
2011-09-28 10:00:00,98.16544947951104
2011-09-28 11:00:00,144.5225040684324
2011-09-28 12:00:00,162.32565486657614
2011-09-28 13:00:00,181.97271068522622
2011-09-28 14:00:00,210.53981097638078
2011-09-28 15:00:00,184.1705316621849
2011-09-28 16:00:00,266.3777507642499
2011-09-28 17:00:00,433.6760958889133
2011-09-28 18:00:00,275.16740023774315
2011-09-28 19:00:00,217.6795196711823
2011-09-28 20:00:00,133.4174683055067
2011-09-28 21:00:00,97.10047209077318
2011-09-28 22:00:00,118.582391346401
2011-09-28 23:00:00,65.36423931753755
2011-09-29 00:00:00,27.051372175265495
2011-09-29 01:00:00,10.877997406358036
2011-09-29 02:00:00,6.257903351974384
2011-09-29 03:00:00,4.166319583349242
2011-09-29 04:00:00,4.912770245563055
2011-09-29 05:00:00,21.191397467186608
2011-09-29 06:00:00,92.13119058868958
2011-09-29 07:00:00,204.7386866666269
2011-09-29 08:00:00,393.64485831712216
2011-09-29 09:00:00,222.67901118517958
2011-09-29 10:00:00,182.46118608994115
2011-09-29 11:00:00,186.7941896511597
2011-09-29 12:00:00,214.11390654985388
2011-09-29 13:00:00,213.75293014628284
2011-09-29 14:00:00,204.67831635124756
2011-09-29 15:00:00,199.30172141062414
2011-09-29 16:00:00,287.4488089350397
2011-09-29 17:00:00,502.8327003307724
2011-09-29 18:00:00,503.16565337342814
2011-09-29 19:00:00,379.8050374101143
2011-09-29 20:00:00,288.2209980914354
2011-09-29 21:00:00,222.56904116097004
2011-09-29 22:00:00,148.13572464917584
2011-09-29 23:00:00,99.73697580109173
2011-09-30 00:00:00,46.76166140937709
2011-09-30 01:00:00,24.151341180892313
2011-09-30 02:00:00,12.773941276714812
2011-09-30 03:00:00,7.180350183892507
2011-09-30 04:00:00,6.327551178434688
2011-09-30 05:00:00,24.169011821127434
2011-09-30 06:00:00,106.98067090678072
2011-09-30 07:00:00,228.51734282911295
2011-09-30 08:00:00,415.71250179800546
2011-09-30 09:00:00,236.84323002449233
2011-09-30 10:00:00,204.30419018095893
2011-09-30 11:00:00,214.2852959972907
2011-09-30 12:00:00,238.5694914084321
2011-09-30 13:00:00,235.6929469335592
2011-09-30 14:00:00,235.6929469335592
2011-09-30 15:00:00,243.4826055879422
2011-09-30 16:00:00,313.3374005278734
2011-09-30 17:00:00,482.00743595402764
2011-09-30 18:00:00,439.4637368514425
2011-09-30 19:00:00,331.64066549781256
2011-09-30 20:00:00,245.1668863689569
2011-09-30 21:00:00,224.69796751259005
2011-09-30 22:00:00,170.465363406057
2011-09-30 23:00:00,127.97862067633989
2011-10-20 00:00:00,26.11856140636071
2011-10-20 01:00:00,12.932683455645597
2011-10-20 02:00:00,7.0866465927181075
2011-10-20 03:00:00,4.937309616678155
2011-10-20 04:00:00,4.897667085643256
2011-10-20 05:00:00,22.4993698614942
2011-10-20 06:00:00,90.58760312897749
2011-10-20 07:00:00,198.27635876756193
2011-10-20 08:00:00,356.3403362705164
2011-10-20 09:00:00,198.89456934743322
2011-10-20 10:00:00,158.45021279567908
2011-10-20 11:00:00,166.50379920405842
2011-10-20 12:00:00,178.718429917486
2011-10-20 13:00:00,180.15294990018162
2011-10-20 14:00:00,170.85046824601096
2011-10-20 15:00:00,180.79789829669835
2011-10-20 16:00:00,261.6731150387273
2011-10-20 17:00:00,457.40351299597756
2011-10-20 18:00:00,436.99402223849296
2011-10-20 19:00:00,339.2880892354265
2011-10-20 20:00:00,227.05533237900195
2011-10-20 21:00:00,174.9928046553487
2011-10-20 22:00:00,137.3681496018678
2011-10-20 23:00:00,102.57969668258089
2011-10-21 00:00:00,49.17322668242872
2011-10-21 01:00:00,24.72537382832566
2011-10-21 02:00:00,11.353076273669968
2011-10-21 03:00:00,6.220243229041856
2011-10-21 04:00:00,5.738286586488035
2011-10-21 05:00:00,20.480130398526892
2011-10-21 06:00:00,90.35092972955889
2011-10-21 07:00:00,202.6775327483151
2011-10-21 08:00:00,470.3311675245004
2011-10-21 09:00:00,241.99773004479394
2011-10-21 10:00:00,179.88292044187435
2011-10-21 11:00:00,202.3957794126447
2011-10-21 12:00:00,229.0799705272301
2011-10-21 13:00:00,224.86178220411108
2011-10-21 14:00:00,229.0799705272301
2011-10-21 15:00:00,229.0799705272301
2011-10-21 16:00:00,297.6038216578224
2011-10-21 17:00:00,426.5742930412937
2011-10-21 18:00:00,369.7986113113439
2011-10-21 19:00:00,274.8012980771793
2011-10-21 20:00:00,214.65203169687294
2011-10-21 21:00:00,179.21746705937971
2011-10-21 22:00:00,150.8345309847131
2011-10-21 23:00:00,110.89058314811778
2011-10-22 00:00:00,102.36894765147414
2011-10-22 01:00:00,86.39849314775947
2011-10-22 02:00:00,56.25530411216671
2011-10-22 03:00:00,26.053455174510805
2011-10-22 04:00:00,9.978511000338262
2011-10-22 05:00:00,8.873578597115676
2011-10-22 06:00:00,18.488986678364604
2011-10-22 07:00:00,58.8784651845659
2011-10-22 08:00:00,112.70113412989693
2011-10-22 09:00:00,157.6156308929416
2011-10-22 10:00:00,224.9174402801918
2011-10-22 11:00:00,239.80770398775158
2011-10-22 12:00:00,316.4618499869607
2011-10-22 13:00:00,336.2843723379286
2011-10-22 14:00:00,321.7715924531524
2011-10-22 15:00:00,326.29777446469353
2011-10-22 16:00:00,360.3541586431359
2011-10-22 17:00:00,338.60053499032205
2011-10-22 18:00:00,276.9431088168851
2011-10-22 19:00:00,195.24966844497575
2011-10-22 20:00:00,171.84050483470597
2011-10-22 21:00:00,130.72063754056205
2011-10-22 22:00:00,111.79680437766315
2011-10-22 23:00:00,89.35866991203493
2011-10-23 00:00:00,69.92790484055084
2011-10-23 01:00:00,61.090619445737936
2011-10-23 02:00:00,38.915922682927
2011-10-23 03:00:00,18.970265508789527
2011-10-23 04:00:00,7.5705690716838845
2011-10-23 05:00:00,6.525904040373679
2011-10-23 06:00:00,12.873348517812316
2011-10-23 07:00:00,41.91609055555344
2011-10-23 08:00:00,73.31370976508829
2011-10-23 09:00:00,150.1823664704767
2011-10-23 10:00:00,203.25884580385605
2011-10-23 11:00:00,231.18557294569666
2011-10-23 12:00:00,324.25259395189266
2011-10-23 13:00:00,339.5936666439592
2011-10-23 14:00:00,338.5218126648742
2011-10-23 15:00:00,337.2677015803247
2011-10-23 16:00:00,371.5950823457287
2011-10-23 17:00:00,326.48705069503836
2011-10-23 18:00:00,284.8307591737542
2011-10-23 19:00:00,191.21745071295283
2011-10-23 20:00:00,153.2487338419931
2011-10-23 21:00:00,125.64969089058467
2011-10-23 22:00:00,99.2245861392239
2011-10-23 23:00:00,67.86551565435245
2011-10-24 00:00:00,30.98140106426424
2011-10-24 01:00:00,12.550905187802481
2011-10-24 02:00:00,6.212091664363493
2011-10-24 03:00:00,5.672558689440546
2011-10-24 04:00:00,5.672558689440546
2011-10-24 05:00:00,20.046496091827038
2011-10-24 06:00:00,81.94089175152713
2011-10-24 07:00:00,156.59317914708612
2011-10-24 08:00:00,319.665577978827
2011-10-24 09:00:00,204.79653469900046
2011-10-24 10:00:00,127.1456534020744
2011-10-24 11:00:00,148.14973629287246
2011-10-24 12:00:00,164.59654573373814
2011-10-24 13:00:00,183.11265846135345
2011-10-24 14:00:00,183.12919144267812
2011-10-24 15:00:00,189.55209699043607
2011-10-24 16:00:00,272.5787992760389
2011-10-24 17:00:00,382.751158796553
2011-10-24 18:00:00,458.019536657779
2011-10-24 19:00:00,182.6228230965106
2011-10-24 20:00:00,207.10607473002085
2011-10-24 21:00:00,141.6801187023282
2011-10-24 22:00:00,135.28992623477455
2011-10-24 23:00:00,74.72768294870212
2011-10-25 00:00:00,31.864782112521084
2011-10-25 01:00:00,13.949606165722972
2011-10-25 02:00:00,7.697211400984861
2011-10-25 03:00:00,4.82829784464619
2011-10-25 04:00:00,4.806856261142531
2011-10-25 05:00:00,20.046496091827038
2011-10-25 06:00:00,93.60600503660727
2011-10-25 07:00:00,216.8618211067397
2011-10-25 08:00:00,405.99067759919785
2011-10-25 09:00:00,262.16810997058667
2011-10-25 10:00:00,156.30666332948502
2011-10-25 11:00:00,159.49038440884797
2011-10-25 12:00:00,182.65533016362332
2011-10-25 13:00:00,181.81074735808633
2011-10-25 14:00:00,182.35763716552458
2011-10-25 15:00:00,183.88854834404273
2011-10-25 16:00:00,265.11181448363305
2011-10-25 17:00:00,467.4637432009716
2011-10-25 18:00:00,471.48798519732713
2011-10-25 19:00:00,294.1613088905818
2011-10-25 20:00:00,215.44389427472095
2011-10-25 21:00:00,163.5104920987348
2011-10-25 22:00:00,130.7364774610694
2011-10-25 23:00:00,80.02368647410515
2011-10-26 00:00:00,32.56368824814976
2011-10-26 01:00:00,13.270569625522308
2011-10-26 02:00:00,7.923337568540255
2011-10-26 03:00:00,5.456323872521855
2011-10-26 04:00:00,5.662832816491285
2011-10-26 05:00:00,24.351395507330697
2011-10-26 06:00:00,100.90785188797268
2011-10-26 07:00:00,223.24611198813432
2011-10-26 08:00:00,395.09104952031555
2011-10-26 09:00:00,257.2501236571058
2011-10-26 10:00:00,158.75257038019262
2011-10-26 11:00:00,167.79173136078867
2011-10-26 12:00:00,138.29340086005118
2011-10-26 13:00:00,140.56495815493435
2011-10-26 14:00:00,155.17922899364976
2011-10-26 15:00:00,155.17922899364976
2011-10-26 16:00:00,225.33554481648358
2011-10-26 17:00:00,370.60974260493725
2011-10-26 18:00:00,363.45384366230763
2011-10-26 19:00:00,270.4438256329598
2011-10-26 20:00:00,186.79074536190492
2011-10-26 21:00:00,180.27905944969916
2011-10-26 22:00:00,109.71455453881295
2011-10-26 23:00:00,68.48371364208008
2011-10-27 00:00:00,26.938417440933655
2011-10-27 01:00:00,11.835918808876766
2011-10-27 02:00:00,5.271696959219453
2011-10-27 03:00:00,3.5321069111277845
2011-10-27 04:00:00,4.215772229204219
2011-10-27 05:00:00,17.77225370251596
2011-10-27 06:00:00,73.28078497970668
2011-10-27 07:00:00,164.12757352119652
2011-10-27 08:00:00,185.16507636615066
2011-10-27 09:00:00,216.0056043438061
2011-10-27 10:00:00,69.31304967938355
2011-10-27 11:00:00,74.86949301804458
2011-10-27 12:00:00,80.54352147257669
2011-10-27 13:00:00,129.22765601364185
2011-10-27 14:00:00,149.7057878833844
2011-10-27 15:00:00,149.7057878833844
2011-10-27 16:00:00,235.496029990559
2011-10-27 17:00:00,349.24911412183303
2011-10-27 18:00:00,361.41133004942924
2011-10-27 19:00:00,245.75654480566817
2011-10-27 20:00:00,178.35500518728563
2011-10-27 21:00:00,152.759228478731
2011-10-27 22:00:00,89.56714347713188
2011-10-27 23:00:00,79.14777115612809
2011-10-28 00:00:00,36.359844366117414
2011-10-28 01:00:00,17.972864951139417
2011-10-28 02:00:00,9.048754336875492
2011-10-28 03:00:00,4.075161668475318
2011-10-28 04:00:00,3.5783262592374676
2011-10-28 05:00:00,15.919698577490937
2011-10-28 06:00:00,63.90172335195466
2011-10-28 07:00:00,145.7260914730424
2011-10-28 08:00:00,292.79578136208875
2011-10-28 09:00:00,217.78103544749413
2011-10-28 10:00:00,150.2829373473586
2011-10-28 11:00:00,165.61219371023714
2011-10-28 12:00:00,202.23099182371558
2011-10-28 13:00:00,200.039120880342
2011-10-28 14:00:00,190.54475153475784
2011-10-28 15:00:00,187.35876133595673
2011-10-28 16:00:00,239.97722882731148
2011-10-28 17:00:00,368.16329415272116
2011-10-28 18:00:00,343.1707053182982
2011-10-28 19:00:00,254.63100899176004
2011-10-28 20:00:00,130.0664266470914
2011-10-28 21:00:00,82.90284988394318
2011-10-28 22:00:00,54.159329267387534
2011-10-28 23:00:00,37.8891613901505
2011-10-29 00:00:00,34.16229960476629
2011-10-29 01:00:00,33.01847488804368
2011-10-29 02:00:00,21.651664899838817
2011-10-29 03:00:00,10.856656075708315
2011-10-29 04:00:00,4.527945335068605
2011-10-29 05:00:00,3.239900633929362
2011-10-29 06:00:00,7.37130507538704
2011-10-29 07:00:00,23.11013173087346
2011-10-29 08:00:00,29.7575750806493
2011-10-29 09:00:00,41.11582260701521
2011-10-29 10:00:00,54.45000211799396
2011-10-29 11:00:00,55.04142554799894
2011-10-29 12:00:00,54.25066199505771
2011-10-29 13:00:00,52.45930524399174
2011-10-29 14:00:00,54.23420694946075
2011-10-29 15:00:00,75.41080198349066
2011-10-29 16:00:00,67.1036328649682
2011-10-29 17:00:00,67.85028709761214
2011-10-29 18:00:00,61.71092274625692
2011-10-29 19:00:00,91.68350095310639
2011-10-29 20:00:00,78.46295617058178
2011-10-29 21:00:00,60.23685426727171
2011-10-29 22:00:00,61.447010770073334
2011-10-29 23:00:00,51.2224672054993
2011-10-30 00:00:00,51.50263550669617
2011-10-30 01:00:00,44.80635999235323
2011-10-30 02:00:00,26.305742897962727
2011-10-30 03:00:00,13.953553549470854
2011-10-30 04:00:00,5.184757813348135
2011-10-30 05:00:00,4.667495694020558
2011-10-30 06:00:00,10.005108778145974
2011-10-30 07:00:00,35.95244589320275
2011-10-30 08:00:00,57.54163253469125
2011-10-30 09:00:00,102.07317495125994
2011-10-30 10:00:00,197.01265081814077
2011-10-30 11:00:00,225.82410871608346
2011-10-30 12:00:00,289.133414548028
2011-10-30 13:00:00,293.53168515215435
2011-10-30 14:00:00,298.4461834041518
2011-10-30 15:00:00,300.9510787248881
2011-10-30 16:00:00,303.40867835304846
2011-10-30 17:00:00,290.9272847321777
2011-10-30 18:00:00,233.79438240894507
2011-10-30 19:00:00,264.6620568153074
2011-10-30 20:00:00,144.44098345661314
2011-10-30 21:00:00,88.6524052719862
2011-10-30 22:00:00,71.04660957182661
2011-10-30 23:00:00,42.61187093053516
2011-10-31 00:00:00,20.536570961680702
2011-10-31 01:00:00,9.258944305996554
2011-10-31 02:00:00,4.614972485862131
2011-10-31 03:00:00,3.3937420573145882
2011-10-31 04:00:00,3.537620091381113
2011-10-31 05:00:00,14.858983836605443
2011-10-31 06:00:00,64.07153180171943
2011-10-31 07:00:00,142.05568174842256
2011-10-31 08:00:00,276.6498158200736
2011-10-31 09:00:00,189.061911114738
2011-10-31 10:00:00,138.56405977813841
2011-10-31 11:00:00,145.61017136103996
2011-10-31 12:00:00,171.69613365656159
2011-10-31 13:00:00,170.18730045074338
2011-10-31 14:00:00,166.92859784185163
2011-10-31 15:00:00,170.25730588135866
2011-10-31 16:00:00,247.2130033351644
2011-10-31 17:00:00,415.94903034408765
2011-10-31 18:00:00,318.53869638722995
2011-10-31 19:00:00,243.9898303505144
2011-10-31 20:00:00,181.99000355413676
2011-10-31 21:00:00,129.08663279690853
2011-10-31 22:00:00,102.52295487068638
2011-10-31 23:00:00,62.054141526976146
2011-11-20 00:00:00,87.33513981378556
2011-11-20 01:00:00,90.539496648423
2011-11-20 02:00:00,56.65513392589217
2011-11-20 03:00:00,23.881492569283058
2011-11-20 04:00:00,10.085402556023713
2011-11-20 05:00:00,8.529938822079957
2011-11-20 06:00:00,19.047374919552663
2011-11-20 07:00:00,61.635843242831136
2011-11-20 08:00:00,101.71354083323503
2011-11-20 09:00:00,166.02911805592177
2011-11-20 10:00:00,212.67809167171276
2011-11-20 11:00:00,270.0420742057734
2011-11-20 12:00:00,310.59194666115195
2011-11-20 13:00:00,313.4503592951321
2011-11-20 14:00:00,316.80712553412275
2011-11-20 15:00:00,266.08674660408997
2011-11-20 16:00:00,339.7390496732638
2011-11-20 17:00:00,322.78907512569094
2011-11-20 18:00:00,293.5319472807675
2011-11-20 19:00:00,203.70038915114313
2011-11-20 20:00:00,189.1331750621803
2011-11-20 21:00:00,132.00962512940686
2011-11-20 22:00:00,63.239407506086565
2011-11-20 23:00:00,48.47940666259826
2011-11-21 00:00:00,23.107717362491854
2011-11-21 01:00:00,7.931472594410506
2011-11-21 02:00:00,4.305337268237884
2011-11-21 03:00:00,3.3106461193242245
2011-11-21 04:00:00,3.3106461193242245
2011-11-21 05:00:00,17.972956114385468
2011-11-21 06:00:00,71.21377286117901
2011-11-21 07:00:00,168.81852689038655
2011-11-21 08:00:00,299.1799586214635
2011-11-21 09:00:00,159.2067565833768
2011-11-21 10:00:00,133.06539208132932
2011-11-21 11:00:00,135.8169472696378
2011-11-21 12:00:00,152.44543418560303
2011-11-21 13:00:00,152.44543418560303
2011-11-21 14:00:00,144.35606403277933
2011-11-21 15:00:00,56.753984162855666
2011-11-21 16:00:00,81.73310768217688
2011-11-21 17:00:00,118.88637801785828
2011-11-21 18:00:00,160.68911255955567
2011-11-21 19:00:00,113.97396507020228
2011-11-21 20:00:00,90.51235358700593
2011-11-21 21:00:00,76.62750352868288
2011-11-21 22:00:00,62.750905225611774
2011-11-21 23:00:00,42.283263653966436
2011-11-22 00:00:00,17.17596766014254
2011-11-22 01:00:00,7.682515280816489
2011-11-22 02:00:00,4.2840716313172305
2011-11-22 03:00:00,3.289644399010662
2011-11-22 04:00:00,3.2926144903163905
2011-11-22 05:00:00,14.241995060482855
2011-11-22 06:00:00,71.87595532419107
2011-11-22 07:00:00,85.16565459326155
2011-11-22 08:00:00,146.30023060496427
2011-11-22 09:00:00,87.99274349642441
2011-11-22 10:00:00,56.83713592384364
2011-11-22 11:00:00,58.024184042358925
2011-11-22 12:00:00,58.080939391428394
2011-11-22 13:00:00,58.1592868872555
2011-11-22 14:00:00,58.1592868872555
2011-11-22 15:00:00,61.24421166582349
2011-11-22 16:00:00,88.01213196147441
2011-11-22 17:00:00,145.1753126747766
2011-11-22 18:00:00,144.8672259258136
2011-11-22 19:00:00,133.56988179130985
2011-11-22 20:00:00,139.93898078969548
2011-11-22 21:00:00,111.77820353049493
2011-11-22 22:00:00,94.89498871662474
2011-11-22 23:00:00,55.463316857318496
2011-11-23 00:00:00,21.857691931243046
2011-11-23 01:00:00,9.376395339230115
2011-11-23 02:00:00,4.208582277739396
2011-11-23 03:00:00,2.954892548859419
2011-11-23 04:00:00,3.5743329665563
2011-11-23 05:00:00,17.863197574001124
2011-11-23 06:00:00,72.86660645154751
2011-11-23 07:00:00,161.96530511926272
2011-11-23 08:00:00,296.12683259924444
2011-11-23 09:00:00,157.3303620568306
2011-11-23 10:00:00,96.75090980226236
2011-11-23 11:00:00,138.54470283010372
2011-11-23 12:00:00,184.8633843823917
2011-11-23 13:00:00,169.22991718792272
2011-11-23 14:00:00,176.65607235917395
2011-11-23 15:00:00,169.140583521451
2011-11-23 16:00:00,225.86914253269327
2011-11-23 17:00:00,214.85116822575972
2011-11-23 18:00:00,377.6064317486304
2011-11-23 19:00:00,311.44908736495853
2011-11-23 20:00:00,207.07290896369062
2011-11-23 21:00:00,149.17774094798722
2011-11-23 22:00:00,116.02487507365646
2011-11-23 23:00:00,76.58820310592817
2011-11-24 00:00:00,55.44811892496752
2011-11-24 01:00:00,29.84487508853495
2011-11-24 02:00:00,14.723377497494708
2011-11-24 03:00:00,8.117821699992161
2011-11-24 04:00:00,8.418927718011515
2011-11-24 05:00:00,13.666533086411643
2011-11-24 06:00:00,28.67397652603228
2011-11-24 07:00:00,69.98650969449879
2011-11-24 08:00:00,126.09555195882798
2011-11-24 09:00:00,198.38155187835787
2011-11-24 10:00:00,194.47099651807213
2011-11-24 11:00:00,200.59396723463018
2011-11-24 12:00:00,241.94501236090318
2011-11-24 13:00:00,242.94076678059824
2011-11-24 14:00:00,244.04215564438488
2011-11-24 15:00:00,245.19506491671643
2011-11-24 16:00:00,294.8527075746445
2011-11-24 17:00:00,370.9402930014115
2011-11-24 18:00:00,338.6117160211674
2011-11-24 19:00:00,284.0711259309753
2011-11-24 20:00:00,167.50944047120078
2011-11-24 21:00:00,132.7277587774532
2011-11-24 22:00:00,109.01538856371236
2011-11-24 23:00:00,80.09733686592547
2011-11-25 00:00:00,41.50554427749673
2011-11-25 01:00:00,20.768240263261283
2011-11-25 02:00:00,9.052332978470043
2011-11-25 03:00:00,5.115089820129701
2011-11-25 04:00:00,5.501421542596177
2011-11-25 05:00:00,20.082763500629994
2011-11-25 06:00:00,67.79394630624388
2011-11-25 07:00:00,172.16884866837526
2011-11-25 08:00:00,279.7218963793009
2011-11-25 09:00:00,201.79088773444448
2011-11-25 10:00:00,142.8194263404879
2011-11-25 11:00:00,150.79053471711026
2011-11-25 12:00:00,222.59185368303912
2011-11-25 13:00:00,224.94818526320785
2011-11-25 14:00:00,224.40395548159722
2011-11-25 15:00:00,224.67988199311378
2011-11-25 16:00:00,292.8279452477028
2011-11-25 17:00:00,453.49803512469816
2011-11-25 18:00:00,424.65471312978855
2011-11-25 19:00:00,236.23611091669284
2011-11-25 20:00:00,216.74656779800657
2011-11-25 21:00:00,133.91475811911187
2011-11-25 22:00:00,112.37198030751246
2011-11-25 23:00:00,85.17393658509535
2011-11-26 00:00:00,85.31310702559662
2011-11-26 01:00:00,73.23392226745041
2011-11-26 02:00:00,44.714099252757244
2011-11-26 03:00:00,21.232900366714894
2011-11-26 04:00:00,9.365676214478878
2011-11-26 05:00:00,8.304073473006664
2011-11-26 06:00:00,17.245961701718066
2011-11-26 07:00:00,43.690998212049664
2011-11-26 08:00:00,103.98914692348517
2011-11-26 09:00:00,148.22744350148324
2011-11-26 10:00:00,183.1801108844577
2011-11-26 11:00:00,252.94690258307742
2011-11-26 12:00:00,299.2928541455704
2011-11-26 13:00:00,326.4782562286896
2011-11-26 14:00:00,319.3861494343483
2011-11-26 15:00:00,324.3405631309522
2011-11-26 16:00:00,340.71168308638914
2011-11-26 17:00:00,336.44610565552483
2011-11-26 18:00:00,264.264464273285
2011-11-26 19:00:00,197.31679957936387
2011-11-26 20:00:00,204.9097728172587
2011-11-26 21:00:00,127.27515789533265
2011-11-26 22:00:00,113.15184514919324
2011-11-26 23:00:00,85.32597316072206
2011-11-27 00:00:00,86.58723569539059
2011-11-27 01:00:00,76.10428672879002
2011-11-27 02:00:00,50.60312137765175
2011-11-27 03:00:00,21.851729673017562
2011-11-27 04:00:00,8.807196979121011
2011-11-27 05:00:00,7.3431743214870515
2011-11-27 06:00:00,17.54099138716248
2011-11-27 07:00:00,48.895247231214654
2011-11-27 08:00:00,89.03590924506982
2011-11-27 09:00:00,170.50730901095955
2011-11-27 10:00:00,222.73037325882245
2011-11-27 11:00:00,277.4148505660649
2011-11-27 12:00:00,322.4980086984526
2011-11-27 13:00:00,322.8377157073137
2011-11-27 14:00:00,365.2123475054057
2011-11-27 15:00:00,365.440875710047
2011-11-27 16:00:00,354.38740544562717
2011-11-27 17:00:00,349.23755702746325
2011-11-27 18:00:00,279.2356293129981
2011-11-27 19:00:00,201.58999260115763
2011-11-27 20:00:00,203.4439819346613
2011-11-27 21:00:00,135.5315524220321
2011-11-27 22:00:00,113.77758264304919
2011-11-27 23:00:00,76.93081394852877
2011-11-28 00:00:00,30.439128370525793
2011-11-28 01:00:00,13.203703683281569
2011-11-28 03:00:00,4.975020994685297
2011-11-28 04:00:00,6.082658904297827
2011-11-28 05:00:00,20.947831746563487
2011-11-28 06:00:00,99.30806023191562
2011-11-28 07:00:00,191.88073736555563
2011-11-28 08:00:00,289.87076000554424
2011-11-28 09:00:00,175.419637454355
2011-11-28 10:00:00,138.79416478182756
2011-11-28 11:00:00,150.44396836276564
2011-11-28 12:00:00,186.21663210966088
2011-11-28 13:00:00,181.0885341280809
2011-11-28 14:00:00,203.0046938449877
2011-11-28 15:00:00,186.21663210966088
2011-11-28 16:00:00,269.9626274983111
2011-11-28 17:00:00,449.18374933284366
2011-11-28 18:00:00,437.69342504371775
2011-11-28 19:00:00,293.49304162672183
2011-11-28 20:00:00,225.12977278850101
2011-11-28 21:00:00,177.59888428069453
2011-11-28 22:00:00,127.22633534688376
2011-11-28 23:00:00,76.98992721820724
2011-11-29 00:00:00,32.01481083656388
2011-11-29 01:00:00,14.179427180953265
2011-11-29 02:00:00,6.991357847808797
2011-11-29 03:00:00,5.121326072644948
2011-11-29 04:00:00,5.326592279109579
2011-11-29 05:00:00,20.13339706499916
2011-11-29 06:00:00,102.89048147361254
2011-11-29 07:00:00,235.76709052067287
2011-11-29 08:00:00,387.7517122418479
2011-11-29 09:00:00,153.49932142809863
2011-11-29 10:00:00,102.03103971473338
2011-11-29 11:00:00,62.80251362482035
2011-11-29 12:00:00,66.30899655435603
2011-11-29 13:00:00,82.7239321675116
2011-11-29 14:00:00,57.78838923952873
2011-11-29 15:00:00,52.745945386159015
2011-11-29 16:00:00,90.79559049563325
2011-11-29 17:00:00,226.56784340325927
2011-11-29 18:00:00,285.8329072722396
2011-11-29 19:00:00,222.9761665554988
2011-11-29 20:00:00,151.9962326080307
2011-11-29 21:00:00,120.65023859297409
2011-11-29 22:00:00,103.10372086943724
2011-11-29 23:00:00,60.66483996204144
2011-11-30 00:00:00,31.08137740246169
2011-11-30 01:00:00,10.920573163110964
2011-11-30 02:00:00,7.285942934906032
2011-11-30 03:00:00,5.617758891691782
2011-11-30 04:00:00,4.445323966184861
2011-11-30 05:00:00,17.781633657384372
2011-11-30 06:00:00,67.35696860911894
2011-11-30 07:00:00,151.46099211682912
2011-11-30 08:00:00,299.59907863467544
2011-11-30 09:00:00,169.29196581311297
2011-11-30 10:00:00,116.69845456190204
2011-11-30 11:00:00,158.62779724259488
2011-11-30 12:00:00,161.67962699853035
2011-11-30 13:00:00,165.71393138225397
2011-11-30 14:00:00,165.71393138225397
2011-11-30 15:00:00,164.5624099691311
2011-11-30 16:00:00,230.21606345479103
2011-11-30 17:00:00,386.5569846451229
2011-11-30 18:00:00,387.7954740566559
2011-11-30 19:00:00,286.1568470105366
2011-11-30 20:00:00,199.48856129685342
2011-11-30 21:00:00,123.8771381767153
2011-11-30 22:00:00,84.34082591489424
2011-11-30 23:00:00,52.57328771766204
2011-12-20 00:00:00,35.26191461353153
2011-12-20 01:00:00,15.618020534617912
2011-12-20 02:00:00,8.513616893875172
2011-12-20 03:00:00,6.268920114639928
2011-12-20 04:00:00,6.642626929498725
2011-12-20 05:00:00,26.12004558414798
2011-12-20 06:00:00,108.75549811232965
2011-12-20 07:00:00,249.77350787306312
2011-12-20 08:00:00,449.1419611054568
2011-12-20 09:00:00,210.6703742777957
2011-12-20 10:00:00,153.90789032357796
2011-12-20 11:00:00,155.49554997668827
2011-12-20 12:00:00,176.11900725335823
2011-12-20 13:00:00,176.11900725335823
2011-12-20 14:00:00,175.58841837492147
2011-12-20 15:00:00,176.11900725335823
2011-12-20 16:00:00,250.86026100531407
2011-12-20 17:00:00,402.4750397838019
2011-12-20 18:00:00,317.583318473064
2011-12-20 19:00:00,244.68724559924766
2011-12-20 20:00:00,177.31257300045087
2011-12-20 21:00:00,132.83807695923025
2011-12-20 22:00:00,112.97207950251214
2011-12-20 23:00:00,90.28073773722204
2011-12-21 00:00:00,22.52049081795606
2011-12-21 01:00:00,11.018371869030272
2011-12-21 02:00:00,6.5661169602422484
2011-12-21 03:00:00,5.0829147365093625
2011-12-21 04:00:00,5.0829147365093625
2011-12-21 05:00:00,18.580972663187833
2011-12-21 06:00:00,66.51912912774355
2011-12-21 07:00:00,142.4345368525921
2011-12-21 08:00:00,121.70847910142247
2011-12-21 09:00:00,148.34464525678342
2011-12-21 10:00:00,99.8767862882851
2011-12-21 11:00:00,101.94717925385399
2011-12-21 12:00:00,49.501920113374375
2011-12-21 13:00:00,35.81321256063476
2011-12-21 14:00:00,98.99701663669912
2011-12-21 15:00:00,97.1283879064737
2011-12-21 16:00:00,46.39077631329337
2011-12-21 17:00:00,80.85755265055661
2011-12-21 18:00:00,153.2309334706412
2011-12-21 19:00:00,143.14637981998806
2011-12-21 20:00:00,107.46639188592857
2011-12-21 21:00:00,115.56595613393166
2011-12-21 22:00:00,102.03508614311329
2011-12-21 23:00:00,62.18662376416509
2011-12-22 00:00:00,27.228948694277776
2011-12-22 01:00:00,10.071391766636307
2011-12-22 02:00:00,7.986124324886754
2011-12-22 03:00:00,4.910134862651855
2011-12-22 04:00:00,5.001728138181491
2011-12-22 05:00:00,18.5798579259472
2011-12-22 06:00:00,67.24092222910605
2011-12-22 07:00:00,129.66550442987636
2011-12-22 08:00:00,283.1775519461404
2011-12-22 09:00:00,151.7741378379364
2011-12-22 10:00:00,104.63250505751772
2011-12-22 11:00:00,110.79938867913863
2011-12-22 12:00:00,152.28101720077333
2011-12-22 13:00:00,149.28060621401758
2011-12-22 14:00:00,149.28060621401758
2011-12-22 15:00:00,151.39202533323407
2011-12-22 16:00:00,207.1662466270795
2011-12-22 17:00:00,265.9736335483278
2011-12-22 18:00:00,305.2959981451421
2011-12-22 19:00:00,236.766263808789
2011-12-22 20:00:00,93.92885326825477
2011-12-22 21:00:00,73.11490693556104
2011-12-22 22:00:00,46.69684225749467
2011-12-22 23:00:00,44.148350575342285
2011-12-23 00:00:00,22.08695106178182
2011-12-23 01:00:00,12.290433284553822
2011-12-23 02:00:00,5.762234104039856
2011-12-23 03:00:00,3.1630409254847827
2011-12-23 04:00:00,1.9204888876450315
2011-12-23 05:00:00,13.656216910448695
2011-12-23 06:00:00,73.90845303384519
2011-12-23 07:00:00,163.46160321964632
2011-12-23 08:00:00,324.0567923055426
2011-12-23 09:00:00,164.22289916077926
2011-12-23 10:00:00,135.9669106473233
2011-12-23 11:00:00,146.1932469607493
2011-12-23 12:00:00,153.7908587859106
2011-12-23 13:00:00,156.57407171201004
2011-12-23 14:00:00,159.41606322384735
2011-12-23 15:00:00,158.9197528271323
2011-12-23 16:00:00,188.0847070680606
2011-12-23 17:00:00,286.1666027263491
2011-12-23 18:00:00,270.4792181012572
2011-12-23 19:00:00,205.35095577135334
2011-12-23 20:00:00,139.65556140075927
2011-12-23 21:00:00,114.66740849049336
2011-12-23 22:00:00,88.13463762480033
2011-12-23 23:00:00,68.34594499121434
2011-12-24 00:00:00,66.33387996541553
2011-12-24 01:00:00,58.297020166876294
2011-12-24 02:00:00,38.39178247675362
2011-12-24 03:00:00,19.053307468694317
2011-12-24 04:00:00,7.881599470124041
2011-12-24 05:00:00,7.345281345768598
2011-12-24 06:00:00,12.946174509462892
2011-12-24 07:00:00,39.36033254380535
2011-12-24 08:00:00,60.33966071387194
2011-12-24 09:00:00,107.54007310455613
2011-12-24 10:00:00,142.6363413839664
2011-12-24 11:00:00,172.73778240092915
2011-12-24 12:00:00,213.1624644538343
2011-12-24 13:00:00,213.1624644538343
2011-12-24 14:00:00,213.1624644538343
2011-12-24 15:00:00,213.12389490137562
2011-12-24 16:00:00,214.5303752470093
2011-12-24 17:00:00,162.85787871407263
2011-12-24 18:00:00,178.67366439397034
2011-12-24 19:00:00,147.6663289091612
2011-12-24 20:00:00,81.43872931887638
2011-12-24 21:00:00,63.14709886117754
2011-12-24 22:00:00,64.91845006995685
2011-12-24 23:00:00,48.44512290390091
2011-12-25 00:00:00,45.2506730644792
2011-12-25 01:00:00,39.656612916416286
2011-12-25 02:00:00,26.9352337351776
2011-12-25 03:00:00,13.095116786805514
2011-12-25 05:00:00,4.383166194712941
2011-12-25 06:00:00,8.248841276091435
2011-12-25 07:00:00,25.746832226322518
2011-12-25 08:00:00,45.37791587444211
2011-12-25 09:00:00,76.50987637957098
2011-12-25 10:00:00,101.29828715986808
2011-12-25 11:00:00,134.82750826925408
2011-12-25 12:00:00,127.30573018991564
2011-12-25 13:00:00,166.78938381786438
2011-12-25 14:00:00,203.1069681234801
2011-12-25 15:00:00,204.08749734782043
2011-12-25 16:00:00,214.1641646988725
2011-12-25 17:00:00,191.5282269327041
2011-12-25 18:00:00,135.37149982766704
2011-12-25 19:00:00,147.80986642218576
2011-12-25 20:00:00,111.11766196291252
2011-12-25 21:00:00,80.72903639314701
2011-12-25 22:00:00,55.06854875821567
2011-12-25 23:00:00,32.73287731292128
2011-12-26 00:00:00,23.394082334233183
2011-12-26 01:00:00,19.029682624922167
2011-12-26 02:00:00,16.685664562644423
2011-12-26 04:00:00,6.861731024988714
2011-12-26 05:00:00,11.14518894582838
2011-12-26 06:00:00,23.57044133791247
2011-12-26 07:00:00,85.34288493222506
2011-12-26 08:00:00,121.93513157686655
2011-12-26 09:00:00,140.64588759781313
2011-12-26 10:00:00,125.02339033621726
2011-12-26 11:00:00,122.03569711269198
2011-12-26 12:00:00,164.7577673864252
2011-12-26 13:00:00,171.9085777115184
2011-12-26 14:00:00,171.9085777115184
2011-12-26 15:00:00,174.27971812689898
2011-12-26 16:00:00,188.55917878119624
2011-12-26 17:00:00,235.1876771182441
2011-12-26 18:00:00,234.93756258007426
2011-12-26 19:00:00,134.00696596138656
2011-12-26 20:00:00,137.5840345154024
2011-12-26 21:00:00,75.38756836770662
2011-12-26 22:00:00,65.24024851465468
2011-12-26 23:00:00,37.515107523182714
2011-12-27 00:00:00,15.463412450490939
2011-12-27 01:00:00,7.311691343786094
2011-12-27 02:00:00,4.064458344222624
2011-12-27 03:00:00,3.5588459860721935
2011-12-27 04:00:00,3.322337062582859
2011-12-27 05:00:00,11.709061244886783
2011-12-27 06:00:00,57.08435326370673
2011-12-27 07:00:00,118.87271331240156
2011-12-27 08:00:00,259.5935819108916
2011-12-27 09:00:00,88.57426271850734
2011-12-27 10:00:00,98.20378656914241
2011-12-27 11:00:00,58.61492112644937
2011-12-27 12:00:00,53.58668704697394
2011-12-27 13:00:00,49.69237359401313
2011-12-27 14:00:00,47.77525543055538
2011-12-27 15:00:00,47.8983905260465
2011-12-27 16:00:00,60.11143917427786
2011-12-27 17:00:00,132.32246336555284
2011-12-27 18:00:00,189.76371798304817
2011-12-27 19:00:00,166.7587244890517
2011-12-27 20:00:00,112.70926625582935
2011-12-27 21:00:00,93.34215358698495
2011-12-27 22:00:00,82.46391713790989
2011-12-27 23:00:00,44.97448337798175
2011-12-28 00:00:00,19.95509610798554
2011-12-28 01:00:00,10.572652124609181
2011-12-28 02:00:00,6.7094621186969485
2011-12-28 03:00:00,4.813794107172603
2011-12-28 05:00:00,14.828744664633142
2011-12-28 06:00:00,80.23403351541545
2011-12-28 07:00:00,175.07932597600768
2011-12-28 08:00:00,290.9479503161107
2011-12-28 09:00:00,186.2774592510534
2011-12-28 10:00:00,114.29750191361916
2011-12-28 11:00:00,116.44550134149895
2011-12-28 12:00:00,106.04451507895473
2011-12-28 13:00:00,116.31395597742456
2011-12-28 14:00:00,117.23328931781195
2011-12-28 15:00:00,117.23328931781195
2011-12-28 16:00:00,146.16011322406032
2011-12-28 17:00:00,250.75490875148856
2011-12-28 18:00:00,232.74596004777231
2011-12-28 19:00:00,169.19516928113603
2011-12-28 20:00:00,120.32019652352355
2011-12-28 21:00:00,77.17412072970427
2011-12-28 22:00:00,67.68214241499801
2011-12-28 23:00:00,40.076549660771974
2011-12-29 00:00:00,17.733743141135744
2011-12-29 01:00:00,8.43283874686905
2011-12-29 02:00:00,4.746603842789357
2011-12-29 03:00:00,2.762571714511168
2011-12-29 04:00:00,2.858860110806448
2011-12-29 05:00:00,11.548200203914783
2011-12-29 06:00:00,50.44255294790844
2011-12-29 07:00:00,108.10662126176315
2011-12-29 08:00:00,214.96847501010106
2011-12-29 09:00:00,111.75873802397734
2011-12-29 10:00:00,68.36823449738608
2011-12-29 11:00:00,77.00492974063849
2011-12-29 12:00:00,79.40494696058273
2011-12-29 13:00:00,99.06560416177999
2011-12-29 14:00:00,120.42949403868977
2011-12-29 15:00:00,118.8034937151029
2011-12-29 16:00:00,161.61184313469212
2011-12-29 17:00:00,255.59070840688577
2011-12-29 18:00:00,263.7704249670307
2011-12-29 19:00:00,204.53149598005822
2011-12-29 20:00:00,106.42832395381971
2011-12-29 21:00:00,85.70690402924487
2011-12-29 22:00:00,71.2441756294398
2011-12-29 23:00:00,56.47319344204105
2011-12-30 00:00:00,25.42750580113374
2011-12-30 01:00:00,12.4066820328571
2011-12-30 02:00:00,6.566477381680675
2011-12-30 03:00:00,3.579181859499344
2011-12-30 04:00:00,3.291763596972875
2011-12-30 05:00:00,12.021309561042916
2011-12-30 06:00:00,52.48265364479954
2011-12-30 07:00:00,114.51552310165775
2011-12-30 08:00:00,223.25072751658354
2011-12-30 09:00:00,133.1082759412967
2011-12-30 10:00:00,88.36417867590916
2011-12-30 11:00:00,111.83995868647557
2011-12-30 12:00:00,151.95541242105242
2011-12-30 13:00:00,153.65858409494933
2011-12-30 14:00:00,162.16022964228975
2011-12-30 15:00:00,167.92983883075274
2011-12-30 16:00:00,198.46021331258433
2011-12-30 17:00:00,295.94940194027026
2011-12-30 18:00:00,258.2544778647991
2011-12-30 19:00:00,190.65505127078703
2011-12-30 20:00:00,127.75117529453905
2011-12-30 21:00:00,99.2563871829357
2011-12-30 22:00:00,93.93734256230242
2011-12-30 23:00:00,71.20108409519275
2011-12-31 00:00:00,69.33858562181781
2011-12-31 01:00:00,60.169845712198565
2011-12-31 02:00:00,39.63592486857395
2011-12-31 03:00:00,18.222000147721296
2011-12-31 04:00:00,8.28960374453481
2011-12-31 05:00:00,7.766106131530849
2011-12-31 06:00:00,16.508097705237443
2011-12-31 07:00:00,32.89581050006584
2011-12-31 08:00:00,79.6860430316514
2011-12-31 09:00:00,125.46091167375512
2011-12-31 10:00:00,154.61364680582122
2011-12-31 11:00:00,168.60738405050748
2011-12-31 12:00:00,264.86149699034627
2011-12-31 13:00:00,264.12815304856736
2011-12-31 14:00:00,253.60265195201004
2011-12-31 15:00:00,256.08980627412325
2011-12-31 16:00:00,229.44091630414974
2011-12-31 17:00:00,226.20132958132018
2011-12-31 18:00:00,205.69403209492472
2011-12-31 19:00:00,180.72909672323254
2011-12-31 20:00:00,156.03312760928253
2011-12-31 21:00:00,121.03486140994055
2011-12-31 22:00:00,110.60078849328121
2011-12-31 23:00:00,68.48214965098697
2012-01-20 00:00:00,24.225686506712744
2012-01-20 01:00:00,14.462457564175343
2012-01-20 02:00:00,7.753909821183491
2012-01-20 03:00:00,4.333403495679393
2012-01-20 04:00:00,3.630669846781217
2012-01-20 05:00:00,13.799772194533615
2012-01-20 06:00:00,77.46547170459543
2012-01-20 07:00:00,210.52358086863475
2012-01-20 08:00:00,380.1910715408874
2012-01-20 09:00:00,181.8674890251484
2012-01-20 10:00:00,104.89312284351853
2012-01-20 11:00:00,118.09558133758392
2012-01-20 12:00:00,133.77429642187857
2012-01-20 13:00:00,141.2220091706521
2012-01-20 14:00:00,136.59318646408386
2012-01-20 15:00:00,142.6823502918421
2012-01-20 16:00:00,169.3655838346043
2012-01-20 17:00:00,259.3643188363952
2012-01-20 18:00:00,245.25131766225476
2012-01-20 19:00:00,185.4099428948186
2012-01-20 20:00:00,128.68966378570283
2012-01-20 21:00:00,93.46977970222841
2012-01-20 22:00:00,79.56070550681585
2012-01-20 23:00:00,45.48229779332438
2012-01-21 00:00:00,43.46822601899212
2012-01-21 01:00:00,38.944605594318766
2012-01-21 02:00:00,23.74735659577779
2012-01-21 03:00:00,12.300289873688936
2012-01-21 04:00:00,4.583314657286523
2012-01-21 05:00:00,4.788013193136643
2012-01-21 06:00:00,7.118463451264995
2012-01-21 07:00:00,25.55785521674624
2012-01-21 08:00:00,49.86765518124129
2012-01-21 09:00:00,79.5867404595219
2012-01-21 10:00:00,73.94933064672226
2012-01-21 11:00:00,144.68594059134685
2012-01-21 12:00:00,162.29022981073302
2012-01-21 13:00:00,156.3591728447667
2012-01-21 14:00:00,107.5272916268202
2012-01-21 15:00:00,107.80127314265029
2012-01-21 16:00:00,153.43158174028608
2012-01-21 17:00:00,135.17182823274118
2012-01-21 18:00:00,123.42674282150588
2012-01-21 19:00:00,108.63034965397352
2012-01-21 20:00:00,93.5718746540744
2012-01-21 21:00:00,73.20124791441098
2012-01-21 22:00:00,63.30136167914796
2012-01-21 23:00:00,51.294475000410856
2012-01-22 00:00:00,44.638379401766606
2012-01-22 01:00:00,43.80220350846205
2012-01-22 02:00:00,26.77019054181824
2012-01-22 03:00:00,14.218774947919329
2012-01-22 04:00:00,3.844097778327048
2012-01-22 05:00:00,3.796345078913655
2012-01-22 06:00:00,4.915407034882081
2012-01-22 07:00:00,22.912563121989656
2012-01-22 08:00:00,36.893343120337796
2012-01-22 09:00:00,77.37230661691517
2012-01-22 10:00:00,139.050363058688
2012-01-22 11:00:00,95.64401367152584
2012-01-22 12:00:00,163.20172579203225
2012-01-22 13:00:00,167.53183700425802
2012-01-22 14:00:00,167.8914981151535
2012-01-22 15:00:00,164.62731966471463
2012-01-22 16:00:00,158.06673436387504
2012-01-22 17:00:00,129.8334368336674
2012-01-22 18:00:00,83.8530870144232
2012-01-22 19:00:00,69.47679876705017
2012-01-22 20:00:00,56.44767806060926
2012-01-22 21:00:00,41.120258256231985
2012-01-22 22:00:00,44.14879000668628
2012-01-22 23:00:00,31.03822229392015
2012-01-23 00:00:00,14.309351446797244
2012-01-23 01:00:00,6.852074622579077
2012-01-23 02:00:00,3.8173658237469645
2012-01-23 03:00:00,3.0665728788735427
2012-01-23 04:00:00,3.3464816239926387
2012-01-23 05:00:00,14.269113730447144
2012-01-23 06:00:00,74.06356599283019
2012-01-23 07:00:00,118.83140266045571
2012-01-23 08:00:00,210.08608697706254
2012-01-23 09:00:00,192.80279939097232
2012-01-23 10:00:00,96.72746833406826
2012-01-23 11:00:00,99.35236623824855
2012-01-23 12:00:00,101.33031104938448
2012-01-23 13:00:00,66.86683669219966
2012-01-23 14:00:00,61.23454071839542
2012-01-23 15:00:00,99.7483707047007
2012-01-23 16:00:00,141.16888760080988
2012-01-23 17:00:00,228.3510948617294
2012-01-23 18:00:00,225.18201157259253
2012-01-23 19:00:00,178.96952704440267
2012-01-23 20:00:00,129.83474359676566
2012-01-23 21:00:00,83.6368671298296
2012-01-23 22:00:00,71.19109022732344
2012-01-23 23:00:00,42.5800577297104
2012-01-24 00:00:00,12.993548873674813
2012-01-24 01:00:00,6.19069296318993
2012-01-24 02:00:00,3.4258715052742907
2012-01-24 03:00:00,2.8175479460362083
2012-01-24 04:00:00,3.0642009689802876
2012-01-24 05:00:00,13.45014977409932
2012-01-24 06:00:00,67.58708422712382
2012-01-24 07:00:00,185.40832906772786
2012-01-24 08:00:00,337.8242059495332
2012-01-24 09:00:00,205.996256390007
2012-01-24 10:00:00,96.85220707475366
2012-01-24 11:00:00,110.85841510155771
2012-01-24 12:00:00,116.56504235037877
2012-01-24 13:00:00,116.56504235037877
2012-01-24 14:00:00,125.38224281038708
2012-01-24 15:00:00,144.24094198130436
2012-01-24 16:00:00,195.49603395022112
2012-01-24 17:00:00,315.5221933385224
2012-01-24 18:00:00,329.0421895332202
2012-01-24 19:00:00,275.9420918374239
2012-01-24 20:00:00,155.1949332150403
2012-01-24 21:00:00,116.93774287176664
2012-01-24 22:00:00,95.3247773076936
2012-01-24 23:00:00,60.499453564776985
2012-01-25 00:00:00,15.477410883734319
2012-01-25 01:00:00,8.12797506264451
2012-01-25 02:00:00,4.385041504666732
2012-01-25 03:00:00,3.3378190571961035
2012-01-25 04:00:00,3.121568540143027
2012-01-25 05:00:00,14.37746952807046
2012-01-25 06:00:00,79.3997155492136
2012-01-25 07:00:00,209.65687297972318
2012-01-25 08:00:00,388.0420862770206
2012-01-25 09:00:00,207.96795422352275
2012-01-25 10:00:00,101.6015829918298
2012-01-25 11:00:00,112.06116366841398
2012-01-25 12:00:00,141.3361073440642
2012-01-25 13:00:00,139.03261916333577
2012-01-25 14:00:00,139.47904605707654
2012-01-25 15:00:00,149.65814048120106
2012-01-25 16:00:00,188.18064117598868
2012-01-25 17:00:00,319.4236164708582
2012-01-25 18:00:00,273.3439218050814
2012-01-25 19:00:00,231.9155756161465
2012-01-25 20:00:00,169.90933774696586
2012-01-25 21:00:00,104.86238165831821
2012-01-25 22:00:00,89.89084994910853
2012-01-25 23:00:00,53.2035608863452
2012-01-26 00:00:00,17.218125850307707
2012-01-26 01:00:00,8.415390392667605
2012-01-26 02:00:00,4.616815559222697
2012-01-26 03:00:00,3.5335903536927296
2012-01-26 04:00:00,3.765179433584664
2012-01-26 05:00:00,15.975466858086431
2012-01-26 06:00:00,78.95113157679152
2012-01-26 07:00:00,211.33373569016126
2012-01-26 08:00:00,386.884218157872
2012-01-26 09:00:00,212.2645557092378
2012-01-26 10:00:00,109.04533530924549
2012-01-26 11:00:00,106.09050404845549
2012-01-26 12:00:00,130.144776334838
2012-01-26 13:00:00,147.92993422094844
2012-01-26 14:00:00,148.37944887910277
2012-01-26 15:00:00,153.84629354258212
2012-01-26 16:00:00,195.37057606201824
2012-01-26 17:00:00,322.8469957827988
2012-01-26 18:00:00,322.8469957827988
2012-01-26 19:00:00,244.30914418728833
2012-01-26 20:00:00,173.1725040425199
2012-01-26 21:00:00,128.32110117309924
2012-01-26 22:00:00,110.7178953986433
2012-01-26 23:00:00,79.10239907788822
2012-01-27 00:00:00,29.343200278404204
2012-01-27 01:00:00,14.95421718653145
2012-01-27 02:00:00,7.981695540083585
2012-01-27 03:00:00,3.7017700868861407
2012-01-27 04:00:00,3.1387246675479465
2012-01-27 05:00:00,12.368205187873144
2012-01-27 06:00:00,69.26036731963578
2012-01-27 07:00:00,187.82318040290798
2012-01-27 08:00:00,207.76386051577532
2012-01-27 09:00:00,116.03113296063538
2012-01-27 10:00:00,76.94895891329287
2012-01-27 11:00:00,131.9769861546739
2012-01-27 12:00:00,165.99067072042402
2012-01-27 13:00:00,216.9772218874082
2012-01-27 14:00:00,231.43185713994984
2012-01-27 15:00:00,228.89864541566808
2012-01-27 16:00:00,227.64940309619624
2012-01-27 17:00:00,330.9426732006358
2012-01-27 18:00:00,303.66187986317635
2012-01-27 19:00:00,209.75693712008808
2012-01-27 20:00:00,152.1913877725252
2012-01-27 21:00:00,104.51679863573814
2012-01-27 22:00:00,94.73555326535293
2012-01-27 23:00:00,67.82721223686785
2012-01-28 00:00:00,55.3964026846644
2012-01-28 01:00:00,53.74506926746925
2012-01-28 02:00:00,30.234048648998314
2012-01-28 03:00:00,15.013136569362583
2012-01-28 04:00:00,5.297816928610688
2012-01-28 05:00:00,5.8406291856546115
2012-01-28 06:00:00,8.722861266542777
2012-01-28 07:00:00,36.202695679104046
2012-01-28 08:00:00,56.670888277707384
2012-01-28 09:00:00,91.01396405558529
2012-01-28 10:00:00,156.3743679479148
2012-01-28 11:00:00,194.97521026120822
2012-01-28 12:00:00,203.53985535219647
2012-01-28 13:00:00,235.4318248750648
2012-01-28 14:00:00,256.72946046776696
2012-01-28 15:00:00,270.6080513832
2012-01-28 16:00:00,283.4460364536879
2012-01-28 17:00:00,259.6738387333886
2012-01-28 18:00:00,238.20223070631016
2012-01-28 19:00:00,186.13703728279197
2012-01-28 20:00:00,151.76895168721646
2012-01-28 21:00:00,98.93120530221101
2012-01-28 22:00:00,87.6904479851865
2012-01-28 23:00:00,70.7425276964322
2012-01-29 00:00:00,57.386954870267004
2012-01-29 01:00:00,50.70403634187992
2012-01-29 02:00:00,29.93983342767266
2012-01-29 03:00:00,15.61616365514714
2012-01-29 04:00:00,5.963171469747476
2012-01-29 05:00:00,4.272171511213688
2012-01-29 06:00:00,6.935595024218454
2012-01-29 07:00:00,35.859121375412016
2012-01-29 08:00:00,46.221388894895505
2012-01-29 09:00:00,79.59217953783147
2012-01-29 10:00:00,186.3269863947795
2012-01-29 11:00:00,193.6355173691936
2012-01-29 12:00:00,256.00893489375227
2012-01-29 13:00:00,256.00893489375227
2012-01-29 14:00:00,259.44306720779224
2012-01-29 15:00:00,272.56754608970573
2012-01-29 16:00:00,256.1447718140698
2012-01-29 17:00:00,214.78001168991233
2012-01-29 18:00:00,169.16018897033334
2012-01-29 19:00:00,127.99123899457251
2012-01-29 20:00:00,89.72486846772688
2012-01-29 21:00:00,65.86338433397592
2012-01-29 22:00:00,60.33541253994017
2012-01-29 23:00:00,39.61172538254142
2012-01-30 00:00:00,17.235938105552403
2012-01-30 01:00:00,6.693005115078167
2012-01-30 02:00:00,3.7329197446171367
2012-01-30 03:00:00,3.0019626551836813
2012-01-30 04:00:00,3.146221678823726
2012-01-30 05:00:00,13.335928450184724
2012-01-30 06:00:00,67.17999152959153
2012-01-30 07:00:00,167.05466740327904
2012-01-30 08:00:00,306.0708323091929
2012-01-30 09:00:00,179.62945941215017
2012-01-30 10:00:00,101.60415825442723
2012-01-30 11:00:00,112.43642001330588
2012-01-30 12:00:00,120.44759769748056
2012-01-30 13:00:00,130.0025659269304
2012-01-30 14:00:00,142.06326430748453
2012-01-30 15:00:00,139.20884302614638
2012-01-30 16:00:00,188.41344889407847
2012-01-30 17:00:00,327.7506444422959
2012-01-30 18:00:00,319.17741952095514
2012-01-30 19:00:00,221.4822886987786
2012-01-30 20:00:00,157.35543378711938
2012-01-30 21:00:00,110.65495395664051
2012-01-30 22:00:00,77.52541479137741
2012-01-30 23:00:00,49.90842028425097
2012-01-31 00:00:00,15.278763295877468
2012-01-31 01:00:00,7.752519396759755
2012-01-31 02:00:00,4.783493698953568
2012-01-31 03:00:00,3.4459296903651273
2012-01-31 04:00:00,3.579154460846227
2012-01-31 05:00:00,14.690873135637094
2012-01-31 06:00:00,74.74146023132991
2012-01-31 07:00:00,212.2735842992333
2012-01-31 08:00:00,392.30135801974006
2012-01-31 09:00:00,213.72990894095193
2012-01-31 10:00:00,118.61991738320289
2012-01-31 11:00:00,145.76577963305897
2012-01-31 12:00:00,162.46527471230183
2012-01-31 13:00:00,182.4336921822057
2012-01-31 14:00:00,194.42087171049388
2012-01-31 15:00:00,195.9513643560931
2012-01-31 16:00:00,268.8535199112012
2012-01-31 17:00:00,456.8706382644305
2012-01-31 18:00:00,456.8706382644305
2012-01-31 19:00:00,340.01141498871965
2012-01-31 20:00:00,191.8385410687787
2012-01-31 21:00:00,166.07764692982425
2012-01-31 22:00:00,118.60711250480315
2012-01-31 23:00:00,73.09264096396917
2012-02-20 00:00:00,23.70407945075841
2012-02-20 01:00:00,17.783862068219165
2012-02-20 02:00:00,9.1516518201033
2012-02-20 03:00:00,5.550289071028249
2012-02-20 05:00:00,7.860715442434955
2012-02-20 06:00:00,16.421406373255312
2012-02-20 07:00:00,70.1986825536009
2012-02-20 08:00:00,112.09863779243165
2012-02-20 09:00:00,146.8302000141772
2012-02-20 10:00:00,131.3660519297422
2012-02-20 11:00:00,128.38566355571677
2012-02-20 12:00:00,153.96852679686214
2012-02-20 13:00:00,169.88135138701762
2012-02-20 14:00:00,190.50342623428986
2012-02-20 15:00:00,189.8224281222955
2012-02-20 16:00:00,225.12575704972835
2012-02-20 17:00:00,307.5422161422851
2012-02-20 18:00:00,264.2305004819154
2012-02-20 19:00:00,209.1032581863636
2012-02-20 20:00:00,157.72763378844562
2012-02-20 21:00:00,106.64140029138075
2012-02-20 22:00:00,88.56683179204953
2012-02-20 23:00:00,57.556202088525
2012-02-21 00:00:00,15.279038299893692
2012-02-21 01:00:00,7.785772821500496
2012-02-21 02:00:00,4.197712233589102
2012-02-21 04:00:00,3.1438520479723
2012-02-21 05:00:00,15.23314842122829
2012-02-21 06:00:00,79.97612424958766
2012-02-21 07:00:00,207.41811298461548
2012-02-21 08:00:00,408.9393603337554
2012-02-21 09:00:00,212.91084599955394
2012-02-21 10:00:00,117.16539932086849
2012-02-21 11:00:00,112.66632772103965
2012-02-21 12:00:00,125.85479900332994
2012-02-21 13:00:00,141.73668448622615
2012-02-21 14:00:00,137.09317808292144
2012-02-21 15:00:00,141.73668448622615
2012-02-21 16:00:00,203.55374739703885
2012-02-21 17:00:00,395.36046214533405
2012-02-21 18:00:00,395.36046214533405
2012-02-21 19:00:00,263.3068797434562
2012-02-21 20:00:00,171.10756707762192
2012-02-21 21:00:00,128.55685691090366
2012-02-21 22:00:00,108.82754949095556
2012-02-21 23:00:00,60.980106627431304
2012-02-22 00:00:00,17.602312437334252
2012-02-22 01:00:00,9.129782145987688
2012-02-22 02:00:00,4.488537743015734
2012-02-22 03:00:00,4.026497012174329
2012-02-22 04:00:00,4.004320725469605
2012-02-22 05:00:00,17.851048840482196
2012-02-22 06:00:00,91.8040267889754
2012-02-22 07:00:00,250.5093543914601
2012-02-22 08:00:00,442.3670512949079
2012-02-22 09:00:00,241.06392167744656
2012-02-22 10:00:00,132.1063761041539
2012-02-22 11:00:00,130.63275416215046
2012-02-22 12:00:00,168.60663227339927
2012-02-22 13:00:00,177.60793536687657
2012-02-22 14:00:00,177.8830954981658
2012-02-22 15:00:00,209.96537799587549
2012-02-22 16:00:00,288.12980581624805
2012-02-22 17:00:00,502.1933992645831
2012-02-22 18:00:00,491.3858404290621
2012-02-22 19:00:00,340.2317087561438
2012-02-22 20:00:00,200.78753686099316
2012-02-22 21:00:00,182.3706460859412
2012-02-22 22:00:00,124.26730565605153
2012-02-22 23:00:00,80.42684335935692
2012-02-23 00:00:00,24.848264062305482
2012-02-23 01:00:00,11.101457926157082
2012-02-23 02:00:00,6.510468122364973
2012-02-23 03:00:00,3.2213228825462634
2012-02-23 04:00:00,4.379695519726928
2012-02-23 05:00:00,19.562729577502633
2012-02-23 06:00:00,90.84088276895747
2012-02-23 07:00:00,252.51967035561967
2012-02-23 08:00:00,451.88314748809785
2012-02-23 09:00:00,246.01483289014573
2012-02-23 10:00:00,152.71646201747927
2012-02-23 11:00:00,185.5455157356969
2012-02-23 12:00:00,217.79203041178633
2012-02-23 13:00:00,216.88359130767225
2012-02-23 14:00:00,219.5055607554491
2012-02-23 15:00:00,220.1527113227816
2012-02-23 16:00:00,328.36668252314826
2012-02-23 17:00:00,519.0729353977893
2012-02-23 18:00:00,519.0729353977893
2012-02-23 19:00:00,385.8012172816452
2012-02-23 20:00:00,244.63695846422277
2012-02-23 21:00:00,158.81404472304263
2012-02-23 22:00:00,138.5699180381039
2012-02-23 23:00:00,96.12632819635964
2012-02-24 00:00:00,34.86787547041468
2012-02-24 01:00:00,19.104163334432513
2012-02-24 02:00:00,6.773694452719135
2012-02-24 03:00:00,5.857475189261511
2012-02-24 04:00:00,4.842878100097153
2012-02-24 05:00:00,17.562260813617783
2012-02-24 06:00:00,93.74557569813712
2012-02-24 07:00:00,279.7362121810073
2012-02-24 08:00:00,482.7793565918174
2012-02-24 09:00:00,117.22566133534097
2012-02-24 10:00:00,90.10721108433131
2012-02-24 11:00:00,164.40815825430036
2012-02-24 12:00:00,190.47397887990306
2012-02-24 13:00:00,199.52472044712587
2012-02-24 14:00:00,210.31848678412882
2012-02-24 15:00:00,93.5909489135229
2012-02-24 16:00:00,117.26443733583702
2012-02-24 17:00:00,181.0785155988135
2012-02-24 18:00:00,263.3305309208091
2012-02-24 19:00:00,250.01579520389456
2012-02-24 20:00:00,198.39164805909815
2012-02-24 21:00:00,148.20884248102794
2012-02-24 22:00:00,121.84075882751938
2012-02-24 23:00:00,92.38833149799795
2012-02-25 00:00:00,68.77815173992217
2012-02-25 01:00:00,57.03331098934448
2012-02-25 02:00:00,35.44458056325649
2012-02-25 03:00:00,14.312081018047886
2012-02-25 04:00:00,5.756308302695419
2012-02-25 05:00:00,6.144603881824566
2012-02-25 06:00:00,12.963161489375326
2012-02-25 07:00:00,61.86452495453715
2012-02-25 08:00:00,80.29459610203459
2012-02-25 09:00:00,73.10476593500105
2012-02-25 10:00:00,170.32967486916962
2012-02-25 11:00:00,201.4185287757242
2012-02-25 12:00:00,233.8913372945952
2012-02-25 13:00:00,242.30573164828445
2012-02-25 14:00:00,233.8913372945952
2012-02-25 15:00:00,243.00006816125898
2012-02-25 16:00:00,232.25446136029524
2012-02-25 17:00:00,221.755622848586
2012-02-25 18:00:00,196.92746162546922
2012-02-25 19:00:00,152.74813213480388
2012-02-25 20:00:00,117.56185543389779
2012-02-25 21:00:00,87.98264158841934
2012-02-25 22:00:00,76.79669790720075
2012-02-25 23:00:00,60.363152092510916
2012-02-26 00:00:00,52.41694022049734
2012-02-26 01:00:00,45.45603032434011
2012-02-26 02:00:00,27.733300995449774
2012-02-26 03:00:00,16.19697086646754
2012-02-26 04:00:00,5.78724176820964
2012-02-26 05:00:00,4.178399034391941
2012-02-26 06:00:00,6.558728369414808
2012-02-26 07:00:00,31.28443643203053
2012-02-26 08:00:00,50.35431750508508
2012-02-26 09:00:00,101.96611466165093
2012-02-26 10:00:00,187.9452653227757
2012-02-26 11:00:00,204.30371714103418
2012-02-26 12:00:00,259.8661532926192
2012-02-26 13:00:00,276.8455677528676
2012-02-26 14:00:00,280.7509923802609
2012-02-26 15:00:00,289.18116652280014
2012-02-26 16:00:00,268.3134810262831
2012-02-26 17:00:00,239.28434857542294
2012-02-26 18:00:00,189.5358954767006
2012-02-26 19:00:00,147.39280798782642
2012-02-26 20:00:00,109.4891608821702
2012-02-26 21:00:00,74.49123442700485
2012-02-26 22:00:00,63.62882250318769
2012-02-26 23:00:00,40.77229151831679
2012-02-27 00:00:00,14.954944590148466
2012-02-27 01:00:00,6.995699201117576
2012-02-27 02:00:00,3.7534507128151153
2012-02-27 03:00:00,3.2861440429996884
2012-02-27 04:00:00,3.4158438047032282
2012-02-27 05:00:00,15.443017316965143
2012-02-27 06:00:00,79.06154787574025
2012-02-27 07:00:00,215.3066714603781
2012-02-27 08:00:00,407.6503046132331
2012-02-27 09:00:00,214.2722368886842
2012-02-27 10:00:00,128.29298629695123
2012-02-27 11:00:00,139.86328153408726
2012-02-27 12:00:00,172.00488227660315
2012-02-27 13:00:00,172.00488227660315
2012-02-27 14:00:00,193.9636934811728
2012-02-27 15:00:00,206.27707352450676
2012-02-27 16:00:00,285.29976547848116
2012-02-27 17:00:00,496.0224230953799
2012-02-27 18:00:00,493.39607677450573
2012-02-27 19:00:00,367.95971931072637
2012-02-27 20:00:00,243.36128205934503
2012-02-27 21:00:00,174.23279435417288
2012-02-27 22:00:00,125.49577655961583
2012-02-27 23:00:00,67.9380567845699
2012-02-28 00:00:00,21.47411510174995
2012-02-28 01:00:00,9.565394136185306
2012-02-28 02:00:00,5.683468180184857
2012-02-28 03:00:00,3.9907112609133293
2012-02-28 04:00:00,3.7765978334358206
2012-02-28 05:00:00,15.652166447524408
2012-02-28 06:00:00,73.09962954619039
2012-02-28 07:00:00,180.00626177664574
2012-02-28 08:00:00,316.7062024455713
2012-02-28 09:00:00,193.94317179331674
2012-02-28 10:00:00,117.42484841101076
2012-02-28 11:00:00,134.068727635879
2012-02-28 12:00:00,157.68490012227136
2012-02-28 13:00:00,157.68490012227136
2012-02-28 14:00:00,174.6979273114507
2012-02-28 15:00:00,181.43518333194993
2012-02-28 16:00:00,240.42532328479686
2012-02-28 17:00:00,416.31046069882336
2012-02-28 18:00:00,416.31046069882336
2012-02-28 19:00:00,311.8029911034081
2012-02-28 20:00:00,204.84864455980735
2012-02-28 21:00:00,124.49842722567062
2012-02-28 22:00:00,107.9757950358613
2012-02-28 23:00:00,63.272394573474884
2012-02-29 00:00:00,20.177789519724627
2012-02-29 01:00:00,9.885157707896747
2012-02-29 02:00:00,4.7692296139382995
2012-02-29 03:00:00,3.6398760727290815
2012-02-29 05:00:00,16.155190546017636
2012-02-29 06:00:00,84.14060373324716
2012-02-29 07:00:00,215.90080109016225
2012-02-29 08:00:00,419.50796424613253
2012-02-29 09:00:00,123.90215649022353
2012-02-29 10:00:00,73.5790067632737
2012-02-29 11:00:00,68.0697124420094
2012-02-29 12:00:00,55.80277501293271
2012-02-29 13:00:00,107.17156667108854
2012-02-29 14:00:00,107.17156667108854
2012-02-29 15:00:00,155.0662016374765
2012-02-29 16:00:00,110.19531522851672
2012-02-29 17:00:00,327.6902672618576
2012-02-29 18:00:00,210.60768630240722
2012-02-29 19:00:00,263.7387405100914
2012-02-29 20:00:00,121.7289040819287
2012-02-29 21:00:00,91.09450140704536
2012-02-29 22:00:00,58.22588792201968
2012-02-29 23:00:00,39.4306606847137
2012-03-20 00:00:00,21.816341452220644
2012-03-20 01:00:00,10.74613533998113
2012-03-20 02:00:00,6.100926457148714
2012-03-20 03:00:00,4.349415814605114
2012-03-20 04:00:00,4.641781460318708
2012-03-20 05:00:00,16.7339323194117
2012-03-20 06:00:00,88.82305551711742
2012-03-20 07:00:00,121.91808344182982
2012-03-20 08:00:00,532.9704168717615
2012-03-20 09:00:00,282.614578647278
2012-03-20 10:00:00,169.55064633924366
2012-03-20 11:00:00,179.34260192052884
2012-03-20 12:00:00,196.06354717962196
2012-03-20 13:00:00,193.516703242955
2012-03-20 14:00:00,200.02545209719275
2012-03-20 15:00:00,221.81628751793227
2012-03-20 16:00:00,318.9491588388913
2012-03-20 17:00:00,445.379707170165
2012-03-20 18:00:00,449.140191852737
2012-03-20 19:00:00,359.3536324498294
2012-03-20 20:00:00,262.11667101067894
2012-03-20 21:00:00,200.24274313035832
2012-03-20 22:00:00,152.5673726569452
2012-03-20 23:00:00,90.045031337439
2012-03-21 00:00:00,27.95525309758558
2012-03-21 01:00:00,12.50785840402152
2012-03-21 02:00:00,6.829420461195322
2012-03-21 03:00:00,4.694093115608201
2012-03-21 04:00:00,4.879823225842791
2012-03-21 05:00:00,23.507708465133373
2012-03-21 06:00:00,103.4514361551839
2012-03-21 07:00:00,138.22400689197147
2012-03-21 08:00:00,238.83159143709688
2012-03-21 09:00:00,299.79578229301006
2012-03-21 10:00:00,185.21757080180797
2012-03-21 11:00:00,189.19073935996542
2012-03-21 12:00:00,207.77837385407403
2012-03-21 13:00:00,202.66683824938542
2012-03-21 14:00:00,207.77837385407403
2012-03-21 15:00:00,207.77837385407403
2012-03-21 16:00:00,303.3916259223506
2012-03-21 17:00:00,485.0715887772039
2012-03-21 18:00:00,485.0715887772039
2012-03-21 19:00:00,502.4489126845687
2012-03-21 20:00:00,278.8135414869617
2012-03-21 21:00:00,211.68403658991357
2012-03-21 22:00:00,158.39890706006682
2012-03-21 23:00:00,100.08867449312353
2012-03-22 00:00:00,31.47148344160641
2012-03-22 01:00:00,13.901271512787483
2012-03-22 02:00:00,7.812289655592766
2012-03-22 03:00:00,5.424312651413293
2012-03-22 04:00:00,4.049698490815715
2012-03-22 05:00:00,19.729650526394817
2012-03-22 06:00:00,106.00415424083938
2012-03-22 07:00:00,288.7087884048372
2012-03-22 08:00:00,478.4961689805934
2012-03-22 09:00:00,253.68097038992877
2012-03-22 10:00:00,148.13235557706435
2012-03-22 11:00:00,152.39670222928632
2012-03-22 12:00:00,190.96839649692046
2012-03-22 13:00:00,212.55652244201653
2012-03-22 14:00:00,218.59459826493585
2012-03-22 15:00:00,243.80996085258244
2012-03-22 16:00:00,392.6011986301972
2012-03-22 17:00:00,638.1853003900007
2012-03-22 18:00:00,638.1853003900007
2012-03-22 19:00:00,511.2163266557052
2012-03-22 20:00:00,288.50146347364864
2012-03-22 21:00:00,221.9599607678263
2012-03-22 22:00:00,159.43319922956502
2012-03-22 23:00:00,114.20860396682697
2012-03-23 00:00:00,44.64652895387734
2012-03-23 01:00:00,22.11667852540885
2012-03-23 02:00:00,11.713767313234477
2012-03-23 03:00:00,6.7173052936454285
2012-03-23 04:00:00,4.456076893756116
2012-03-23 05:00:00,18.995139661922863
2012-03-23 06:00:00,127.80652329529346
2012-03-23 07:00:00,287.4279206736858
2012-03-23 08:00:00,480.9565577457915
2012-03-23 09:00:00,301.7756149060343
2012-03-23 10:00:00,199.12205384797142
2012-03-23 11:00:00,235.1699638985637
2012-03-23 12:00:00,312.8085983953725
2012-03-23 13:00:00,377.78449193745126
2012-03-23 14:00:00,390.0104105508093
2012-03-23 15:00:00,390.0104105508093
2012-03-23 16:00:00,491.0823127977602
2012-03-23 17:00:00,760.2477028906027
2012-03-23 18:00:00,728.3395980763056
2012-03-23 19:00:00,478.66797003272933
2012-03-23 20:00:00,398.3528474102374
2012-03-23 21:00:00,294.5181962774365
2012-03-23 22:00:00,217.94271196712359
2012-03-23 23:00:00,129.86998725715597
2012-03-24 00:00:00,97.52632640828868
2012-03-24 01:00:00,85.25381623435305
2012-03-24 02:00:00,48.50377449672147
2012-03-24 03:00:00,24.621670404322376
2012-03-24 04:00:00,8.953455499185326
2012-03-24 05:00:00,9.197377866750154
2012-03-24 06:00:00,22.31799959459749
2012-03-24 07:00:00,100.27777671667336
2012-03-24 08:00:00,127.5115966615248
2012-03-24 09:00:00,223.8533790802581
2012-03-24 10:00:00,261.96500783426995
2012-03-24 11:00:00,232.49639548459123
2012-03-24 12:00:00,133.34620544041647
2012-03-24 13:00:00,135.1413284215002
2012-03-24 14:00:00,142.137268063139
2012-03-24 15:00:00,115.71361600179956
2012-03-24 16:00:00,133.86855787459814
2012-03-24 17:00:00,164.85650468898703
2012-03-24 18:00:00,128.23981549824111
2012-03-24 19:00:00,135.47503193593462
2012-03-24 20:00:00,102.23940892062546
2012-03-24 21:00:00,79.89868219552936
2012-03-24 22:00:00,62.234270647256146
2012-03-24 23:00:00,81.89197512980597
2012-03-25 00:00:00,62.604508860356155
2012-03-25 01:00:00,62.39910950385807
2012-03-25 02:00:00,25.866589103168202
2012-03-25 03:00:00,13.540447931057685
2012-03-25 04:00:00,6.035847982586614
2012-03-25 05:00:00,5.575996448902134
2012-03-25 06:00:00,9.9817001015652
2012-03-25 07:00:00,45.19670752088904
2012-03-25 08:00:00,70.18260722098944
2012-03-25 09:00:00,145.38342425684564
2012-03-25 10:00:00,232.36637860609122
2012-03-25 11:00:00,226.17675872219502
2012-03-25 12:00:00,246.23534631511092
2012-03-25 13:00:00,306.78144022255304
2012-03-25 14:00:00,308.6609284448938
2012-03-25 15:00:00,304.8381110004942
2012-03-25 16:00:00,367.5452169169821
2012-03-25 17:00:00,322.51873925085545
2012-03-25 18:00:00,267.72971142866754
2012-03-25 19:00:00,231.35459736227938
2012-03-25 20:00:00,184.1022783258118
2012-03-25 21:00:00,147.36024553159805
2012-03-25 22:00:00,108.494924162906
2012-03-25 23:00:00,74.28932146676176
2012-03-26 00:00:00,24.10122840580378
2012-03-26 01:00:00,10.866248421942258
2012-03-26 02:00:00,5.787088630328985
2012-03-26 03:00:00,4.463389159466534
2012-03-26 04:00:00,4.851388032093764
2012-03-26 05:00:00,23.890635945381764
2012-03-26 06:00:00,123.26106587418262
2012-03-26 07:00:00,350.2696393100168
2012-03-26 08:00:00,565.2540049942014
2012-03-26 09:00:00,304.9830383136137
2012-03-26 10:00:00,202.06580781893481
2012-03-26 11:00:00,198.1570085113141
2012-03-26 12:00:00,229.59418912452304
2012-03-26 13:00:00,227.59794236401504
2012-03-26 14:00:00,229.59418912452304
2012-03-26 15:00:00,227.59794236401504
2012-03-26 16:00:00,321.9324918138558
2012-03-26 17:00:00,535.8342421798224
2012-03-26 18:00:00,491.4440790199183
2012-03-26 19:00:00,365.87784566582104
2012-03-26 20:00:00,227.39927671531728
2012-03-26 21:00:00,169.71629243693215
2012-03-26 22:00:00,115.1854771205081
2012-03-26 23:00:00,62.276098330088985
2012-03-27 00:00:00,20.00806113799898
2012-03-27 01:00:00,7.944995293535687
2012-03-27 02:00:00,4.264135918274888
2012-03-27 03:00:00,3.1159646968891677
2012-03-27 04:00:00,3.329492953895925
2012-03-27 05:00:00,16.816796449778785
2012-03-27 06:00:00,93.98235045791317
2012-03-27 07:00:00,241.51672825266996
2012-03-27 08:00:00,393.8466784148997
2012-03-27 09:00:00,238.58403358823142
2012-03-27 10:00:00,134.70927337606193
2012-03-27 11:00:00,140.86818312719504
2012-03-27 12:00:00,171.5626966665077
2012-03-27 13:00:00,180.43142568223945
2012-03-27 14:00:00,198.71198727797668
2012-03-27 15:00:00,204.8433866427036
2012-03-27 16:00:00,279.0798157428981
2012-03-27 17:00:00,357.3842642075602
2012-03-27 18:00:00,368.5558482556921
2012-03-27 19:00:00,276.00761327803355
2012-03-27 20:00:00,189.16485641537116
2012-03-27 21:00:00,155.2944328658296
2012-03-27 22:00:00,124.12989662906348
2012-03-27 23:00:00,75.58995482809202
2012-03-28 00:00:00,25.476295388599123
2012-03-28 01:00:00,10.738488858714478
2012-03-28 02:00:00,5.48446349749996
2012-03-28 03:00:00,4.3045444970876945
2012-03-28 04:00:00,4.538338691089527
2012-03-28 05:00:00,20.690518889341554
2012-03-28 06:00:00,108.18003683312585
2012-03-28 07:00:00,282.04235977140667
2012-03-28 08:00:00,503.0239648280571
2012-03-28 09:00:00,304.8713492028179
2012-03-28 10:00:00,194.92249810706153
2012-03-28 11:00:00,212.99048757855257
2012-03-28 12:00:00,233.68893836091897
2012-03-28 13:00:00,261.6479387290428
2012-03-28 14:00:00,312.77284141814846
2012-03-28 15:00:00,306.1640759355009
2012-03-28 16:00:00,339.42669224986037
2012-03-28 17:00:00,626.5830437512438
2012-03-28 18:00:00,626.5830437512438
2012-03-28 19:00:00,499.76059992419476
2012-03-28 20:00:00,349.2893909459872
2012-03-28 21:00:00,257.00593360249195
2012-03-28 22:00:00,181.53829595316097
2012-03-28 23:00:00,102.75049393805291
2012-03-29 00:00:00,31.785145545554435
2012-03-29 01:00:00,15.955311734464221
2012-03-29 02:00:00,11.239240860843235
2012-03-29 03:00:00,6.520509319222209
2012-03-29 04:00:00,6.101628431100139
2012-03-29 05:00:00,26.02072022264394
2012-03-29 06:00:00,136.91586440455035
2012-03-29 07:00:00,340.16219770965415
2012-03-29 08:00:00,545.6693678146457
2012-03-29 09:00:00,340.4127359554776
2012-03-29 10:00:00,191.09274526554006
2012-03-29 11:00:00,215.586749380868
2012-03-29 12:00:00,244.641709458707
2012-03-29 13:00:00,225.58654620882112
2012-03-29 14:00:00,245.25734451829976
2012-03-29 15:00:00,245.25734451829976
2012-03-29 16:00:00,345.0165043054279
2012-03-29 17:00:00,598.0423735857216
2012-03-29 18:00:00,598.0423735857216
2012-03-29 19:00:00,441.96205417597395
2012-03-29 20:00:00,280.6431476330073
2012-03-29 21:00:00,194.34727411234584
2012-03-29 22:00:00,143.30673475432593
2012-03-29 23:00:00,95.39956074017343
2012-03-30 00:00:00,41.81047098933393
2012-03-30 01:00:00,19.578097898614192
2012-03-30 02:00:00,10.027348678109728
2012-03-30 03:00:00,5.6290489614961
2012-03-30 04:00:00,4.936419634659579
2012-03-30 05:00:00,20.306363694528397
2012-03-30 06:00:00,114.75471927775587
2012-03-30 07:00:00,305.94543048098825
2012-03-30 08:00:00,494.4343208411718
2012-03-30 09:00:00,281.5353346901844
2012-03-30 10:00:00,180.159565485239
2012-03-30 11:00:00,187.89360471998364
2012-03-30 12:00:00,226.39216975770984
2012-03-30 13:00:00,140.7549626056816
2012-03-30 14:00:00,142.62205733013042
2012-03-30 15:00:00,146.21633088891974
2012-03-30 16:00:00,161.19493989900369
2012-03-30 17:00:00,406.649245190201
2012-03-30 18:00:00,423.4823082569985
2012-03-30 19:00:00,310.7418021646409
2012-03-30 20:00:00,227.78319604989983
2012-03-30 21:00:00,159.78964357997393
2012-03-30 22:00:00,123.39931215398249
2012-03-30 23:00:00,95.69807343537805
2012-03-31 00:00:00,86.57935212500796
2012-03-31 01:00:00,73.69855725277317
2012-03-31 02:00:00,43.162211187902756
2012-03-31 03:00:00,21.948805492963857
2012-03-31 04:00:00,7.65290351624866
2012-03-31 05:00:00,8.654752231340309
2012-03-31 06:00:00,16.355241848197245
2012-03-31 07:00:00,76.04662488003356
2012-03-31 08:00:00,122.91579104222383
2012-03-31 09:00:00,209.60800659338156
2012-03-31 10:00:00,265.72146993964736
2012-03-31 11:00:00,304.3887136503493
2012-03-31 12:00:00,335.6485271179144
2012-03-31 13:00:00,383.23866709605574
2012-03-31 14:00:00,353.60139099057534
2012-03-31 15:00:00,355.02637536324545
2012-03-31 16:00:00,372.6426751033827
2012-03-31 17:00:00,337.9136098012473
2012-03-31 18:00:00,270.084418095583
2012-03-31 19:00:00,251.28596459944032
2012-03-31 20:00:00,196.35487018334456
2012-03-31 21:00:00,151.70159145140533
2012-03-31 22:00:00,131.41050597025122
2012-03-31 23:00:00,91.31535194872424
2012-04-20 00:00:00,45.38879546953188
2012-04-20 01:00:00,22.194182226480343
2012-04-20 02:00:00,11.05699979384562
2012-04-20 03:00:00,6.563943660116231
2012-04-20 04:00:00,4.7813578969625725
2012-04-20 05:00:00,20.22446836931328
2012-04-20 06:00:00,126.42132101172521
2012-04-20 07:00:00,303.79775595842034
2012-04-20 08:00:00,516.8467810728708
2012-04-20 09:00:00,312.2463648063582
2012-04-20 10:00:00,220.96096500520633
2012-04-20 11:00:00,240.5161467267234
2012-04-20 12:00:00,297.7516651553749
2012-04-20 13:00:00,393.4238077411848
2012-04-20 14:00:00,383.7998163566056
2012-04-20 15:00:00,381.0911607259262
2012-04-20 16:00:00,494.6663055239908
2012-04-20 17:00:00,747.1669893233974
2012-04-20 18:00:00,642.3415990092859
2012-04-20 19:00:00,511.1773706935659
2012-04-20 20:00:00,328.7149568342704
2012-04-20 21:00:00,225.213345241547
2012-04-20 22:00:00,175.63694737369235
2012-04-20 23:00:00,127.90863642286845
2012-04-21 00:00:00,97.63908794666976
2012-04-21 01:00:00,82.501979514368
2012-04-21 02:00:00,49.40819324994689
2012-04-21 03:00:00,23.78715735063894
2012-04-21 04:00:00,8.974287413629273
2012-04-21 05:00:00,9.708704404586928
2012-04-21 06:00:00,23.13481710127776
2012-04-21 07:00:00,110.61490676832237
2012-04-21 08:00:00,167.90435402060157
2012-04-21 09:00:00,237.12151074956213
2012-04-21 10:00:00,372.5742216241061
2012-04-21 11:00:00,399.36538882019624
2012-04-21 12:00:00,458.782622726252
2012-04-21 13:00:00,488.0607599437927
2012-04-21 14:00:00,553.2049181241106
2012-04-21 15:00:00,568.3518331723616
2012-04-21 16:00:00,621.9241085247044
2012-04-21 17:00:00,601.0006510791281
2012-04-21 18:00:00,546.1333942352829
2012-04-21 19:00:00,204.09037804230417
2012-04-21 20:00:00,125.83352431308681
2012-04-21 21:00:00,95.53474756373978
2012-04-21 22:00:00,137.48512667273414
2012-04-21 23:00:00,105.50419591083956
2012-04-22 00:00:00,90.34437682000623
2012-04-22 01:00:00,77.69488416879048
2012-04-22 02:00:00,48.368880381272675
2012-04-22 03:00:00,26.147401503000527
2012-04-22 04:00:00,9.087774321998886
2012-04-22 05:00:00,7.6545549489662985
2012-04-22 06:00:00,13.864222052867083
2012-04-22 07:00:00,47.22129684173631
2012-04-22 08:00:00,52.69485236503509
2012-04-22 09:00:00,93.87138443794099
2012-04-22 10:00:00,138.88587208481673
2012-04-22 11:00:00,132.95747272354583
2012-04-22 12:00:00,142.22724870533972
2012-04-22 13:00:00,153.7329701602808
2012-04-22 14:00:00,141.3587768936943
2012-04-22 15:00:00,138.0250801180763
2012-04-22 16:00:00,134.11428723964443
2012-04-22 17:00:00,103.26415402953296
2012-04-22 18:00:00,87.47332125999559
2012-04-22 19:00:00,83.0225320480383
2012-04-22 20:00:00,61.39709841696285
2012-04-22 21:00:00,50.45734025589989
2012-04-22 22:00:00,39.57652736918106
2012-04-22 23:00:00,35.35477732007942
2012-04-23 00:00:00,14.403846043236149
2012-04-23 01:00:00,5.708058869396305
2012-04-23 02:00:00,4.275239268269445
2012-04-23 03:00:00,3.740989760451421
2012-04-23 04:00:00,2.6205373987160767
2012-04-23 05:00:00,14.263502469951524
2012-04-23 06:00:00,100.33611035092846
2012-04-23 07:00:00,147.09163692859312
2012-04-23 08:00:00,452.4181916825053
2012-04-23 09:00:00,243.29988023950338
2012-04-23 10:00:00,148.80516879989133
2012-04-23 11:00:00,153.46610562771056
2012-04-23 12:00:00,94.94035134027736
2012-04-23 13:00:00,94.85443343379904
2012-04-23 14:00:00,101.07659603669701
2012-04-23 15:00:00,168.7110122828757
2012-04-23 16:00:00,111.39925155810027
2012-04-23 17:00:00,196.12855707676027
2012-04-23 18:00:00,237.04951459884143
2012-04-23 19:00:00,301.5283817766782
2012-04-23 20:00:00,211.65589666755142
2012-04-23 21:00:00,143.74679050418837
2012-04-23 22:00:00,114.19791223385258
2012-04-23 23:00:00,70.13543743087507
2012-04-24 00:00:00,21.3022480934701
2012-04-24 01:00:00,9.291674626319816
2012-04-24 02:00:00,4.997338353613697
2012-04-24 03:00:00,3.8771485657833304
2012-04-24 04:00:00,3.7644063155371024
2012-04-24 05:00:00,20.374752452129094
2012-04-24 06:00:00,106.33814503764997
2012-04-24 07:00:00,278.79121114844395
2012-04-24 08:00:00,529.9293951831168
2012-04-24 09:00:00,288.65379962237154
2012-04-24 10:00:00,174.76943125293903
2012-04-24 11:00:00,191.02776176673999
2012-04-24 12:00:00,233.21750530640304
2012-04-24 13:00:00,235.38194912867445
2012-04-24 14:00:00,235.38194912867445
2012-04-24 15:00:00,235.38194912867445
2012-04-24 16:00:00,334.357236372364
2012-04-24 17:00:00,585.3546397632349
2012-04-24 18:00:00,571.4336646567081
2012-04-24 19:00:00,429.3887528827424
2012-04-24 20:00:00,289.4053266620821
2012-04-24 21:00:00,203.07166854544275
2012-04-24 22:00:00,144.72175961231648
2012-04-24 23:00:00,89.92643102416382
2012-04-25 00:00:00,31.06430748487488
2012-04-25 01:00:00,13.248298730935597
2012-04-25 02:00:00,6.0312603991881115
2012-04-25 03:00:00,4.394641917791263
2012-04-25 04:00:00,4.0595162147919
2012-04-25 05:00:00,20.01783218236439
2012-04-25 06:00:00,107.818857379131
2012-04-25 07:00:00,307.95506151891345
2012-04-25 08:00:00,542.425821637837
2012-04-25 09:00:00,311.48784868517384
2012-04-25 10:00:00,200.3732184879433
2012-04-25 11:00:00,206.39664262400197
2012-04-25 12:00:00,242.48481723198555
2012-04-25 13:00:00,262.2092057049266
2012-04-25 14:00:00,264.8088803880953
2012-04-25 15:00:00,261.88534963404067
2012-04-25 16:00:00,374.64312846172623
2012-04-25 17:00:00,651.1243830400874
2012-04-25 18:00:00,651.1243830400874
2012-04-25 19:00:00,485.5408763821234
2012-04-25 20:00:00,345.2690253928351
2012-04-25 21:00:00,230.94508356889256
2012-04-25 22:00:00,165.69997377617622
2012-04-25 23:00:00,100.57160170822479
2012-04-26 00:00:00,31.927903694092322
2012-04-26 01:00:00,15.631147357593974
2012-04-26 02:00:00,8.556021965087673
2012-04-26 03:00:00,5.774257668047599
2012-04-26 04:00:00,5.336097634161458
2012-04-26 05:00:00,24.292923997140953
2012-04-26 06:00:00,138.65775219664292
2012-04-26 07:00:00,155.2382984687886
2012-04-26 08:00:00,270.6369409388467
2012-04-26 09:00:00,153.1751938538935
2012-04-26 10:00:00,148.61665246497884
2012-04-26 11:00:00,148.25772896825603
2012-04-26 12:00:00,208.22268635678213
2012-04-26 13:00:00,208.22268635678213
2012-04-26 14:00:00,211.49742204368795
2012-04-26 15:00:00,197.21166528487922
2012-04-26 16:00:00,290.56901515115163
2012-04-26 17:00:00,489.6369753997416
2012-04-26 18:00:00,489.2157074578816
2012-04-26 19:00:00,393.5477997041724
2012-04-26 20:00:00,288.21620905795254
2012-04-26 21:00:00,211.3160249347427
2012-04-26 22:00:00,159.17702707177844
2012-04-26 23:00:00,109.84610453508563
2012-04-27 00:00:00,44.65779301030778
2012-04-27 01:00:00,22.72620200735
2012-04-27 02:00:00,12.095198764251364
2012-04-27 03:00:00,6.397050953560507
2012-04-27 04:00:00,5.888308661741951
2012-04-27 05:00:00,21.996676923417436
2012-04-27 06:00:00,125.90995573605183
2012-04-27 07:00:00,294.17577231916016
2012-04-27 08:00:00,502.56769604894646
2012-04-27 09:00:00,313.83828442021616
2012-04-27 10:00:00,218.32293319026124
2012-04-27 11:00:00,235.8422328906553
2012-04-27 12:00:00,278.2977517732079
2012-04-27 13:00:00,278.2977517732079
2012-04-27 14:00:00,278.2977517732079
2012-04-27 15:00:00,297.30948212107603
2012-04-27 16:00:00,384.50865320400703
2012-04-27 17:00:00,592.8005884065268
2012-04-27 18:00:00,577.058097182347
2012-04-27 19:00:00,416.56324684535673
2012-04-27 20:00:00,270.7362813145068
2012-04-27 21:00:00,183.99895819529195
2012-04-27 22:00:00,148.69903692902784
2012-04-27 23:00:00,107.08535497956971
2012-04-28 00:00:00,98.87414164467265
2012-04-28 01:00:00,67.09703868771706
2012-04-28 02:00:00,45.12331578593976
2012-04-28 03:00:00,19.68703697848842
2012-04-28 04:00:00,8.10226309469503
2012-04-28 05:00:00,8.370822696497429
2012-04-28 06:00:00,18.80113865315695
2012-04-28 07:00:00,97.86108824910824
2012-04-28 08:00:00,158.46478769538712
2012-04-28 09:00:00,217.42903209663888
2012-04-28 10:00:00,278.91835095206784
2012-04-28 11:00:00,304.7606592102868
2012-04-28 12:00:00,350.3509334602393
2012-04-28 13:00:00,351.4114146561301
2012-04-28 14:00:00,366.7629565883693
2012-04-28 15:00:00,360.95821438666155
2012-04-28 16:00:00,375.65322003180677
2012-04-28 17:00:00,366.5277193420432
2012-04-28 18:00:00,210.40229208428147
2012-04-28 19:00:00,154.24023255312372
2012-04-28 20:00:00,209.14970040222377
2012-04-28 21:00:00,90.51579838835592
2012-04-28 22:00:00,118.01412842447243
2012-04-28 23:00:00,104.79069021445935
2012-04-29 00:00:00,67.06800831994687
2012-04-29 01:00:00,77.75068504623306
2012-04-29 02:00:00,42.92869952781351
2012-04-29 03:00:00,22.298318810851338
2012-04-29 04:00:00,7.838908317771693
2012-04-29 05:00:00,6.758662415655411
2012-04-29 06:00:00,11.330890575328253
2012-04-29 07:00:00,50.202460274825334
2012-04-29 08:00:00,101.17211984877422
2012-04-29 09:00:00,198.17589117719575
2012-04-29 10:00:00,285.9713318167386
2012-04-29 11:00:00,347.1298002369448
2012-04-29 12:00:00,455.0199982831056
2012-04-29 13:00:00,459.234156686104
2012-04-29 14:00:00,477.6840981217002
2012-04-29 15:00:00,521.5725596684125
2012-04-29 16:00:00,652.1711409610206
2012-04-29 17:00:00,587.23194702369
2012-04-29 18:00:00,502.1623216401791
2012-04-29 19:00:00,336.8028062635342
2012-04-29 20:00:00,262.7762653987729
2012-04-29 21:00:00,180.09184989358016
2012-04-29 22:00:00,126.45571285523967
2012-04-29 23:00:00,78.50767098169293
2012-04-30 00:00:00,25.591476888779894
2012-04-30 01:00:00,10.41641682312411
2012-04-30 02:00:00,5.8259409567999185
2012-04-30 03:00:00,4.45158358613078
2012-04-30 04:00:00,4.44825371417987
2012-04-30 05:00:00,22.77441748034848
2012-04-30 06:00:00,113.92284845747814
2012-04-30 07:00:00,284.1222839437198
2012-04-30 08:00:00,522.9618999922046
2012-04-30 09:00:00,298.7561734822259
2012-04-30 10:00:00,180.77777245637301
2012-04-30 11:00:00,181.59244511865379
2012-04-30 12:00:00,198.53851511409138
2012-04-30 13:00:00,219.42215370472505
2012-04-30 14:00:00,225.8089556527685
2012-04-30 15:00:00,225.8089556527685
2012-04-30 16:00:00,341.0361281986298
2012-04-30 17:00:00,555.9761628438487
2012-04-30 18:00:00,546.5916636213632
2012-04-30 19:00:00,403.0566901251847
2012-04-30 20:00:00,281.8700277205036
2012-04-30 21:00:00,215.02881628414738
2012-04-30 22:00:00,163.41820829939988
2012-04-30 23:00:00,94.86658956438474
2012-05-20 00:00:00,151.07734189462997
2012-05-20 01:00:00,124.51563031042741
2012-05-20 02:00:00,80.53639262524857
2012-05-20 03:00:00,36.47216596764808
2012-05-20 04:00:00,13.042137262173949
2012-05-20 05:00:00,11.336515090795665
2012-05-20 06:00:00,17.54199208216564
2012-05-20 07:00:00,71.69314293835521
2012-05-20 08:00:00,136.30409634927096
2012-05-20 09:00:00,316.1509221360328
2012-05-20 10:00:00,479.6062929253044
2012-05-20 11:00:00,535.7527367071073
2012-05-20 12:00:00,622.2948205683946
2012-05-20 13:00:00,622.2948205683946
2012-05-20 14:00:00,622.2948205683946
2012-05-20 15:00:00,610.9379109364335
2012-05-20 16:00:00,644.9077767251918
2012-05-20 17:00:00,574.428091603251
2012-05-20 18:00:00,438.59437802228075
2012-05-20 19:00:00,332.14088208955053
2012-05-20 20:00:00,274.51882642905406
2012-05-20 21:00:00,197.70236152492032
2012-05-20 22:00:00,136.1306660099221
2012-05-20 23:00:00,65.77744138875275
2012-05-21 00:00:00,23.233539066214945
2012-05-21 01:00:00,9.084364726756155
2012-05-21 02:00:00,4.344634305821122
2012-05-21 03:00:00,5.09797995133394
2012-05-21 04:00:00,3.8154906387159198
2012-05-21 05:00:00,22.336334710724014
2012-05-21 06:00:00,92.476668345881
2012-05-21 07:00:00,168.8321546402233
2012-05-21 08:00:00,268.02903592431966
2012-05-21 09:00:00,150.1199981532464
2012-05-21 10:00:00,92.93966657915742
2012-05-21 11:00:00,187.0982247062952
2012-05-21 12:00:00,198.6679573636944
2012-05-21 13:00:00,109.3442216984996
2012-05-21 14:00:00,108.32417015062465
2012-05-21 15:00:00,229.78156748449408
2012-05-21 16:00:00,325.27826124827874
2012-05-21 17:00:00,530.068785066963
2012-05-21 18:00:00,552.1804088035713
2012-05-21 19:00:00,442.4977266148735
2012-05-21 20:00:00,328.884383344952
2012-05-21 21:00:00,264.7431316444542
2012-05-21 22:00:00,167.96368996972012
2012-05-21 23:00:00,99.19802784742735
2012-05-22 00:00:00,36.15223631374053
2012-05-22 01:00:00,14.310555322779964
2012-05-22 02:00:00,7.77020025649615
2012-05-22 03:00:00,5.787285487823476
2012-05-22 04:00:00,5.734119686702951
2012-05-22 05:00:00,22.98792624476825
2012-05-22 06:00:00,101.47304700106618
2012-05-22 07:00:00,185.73617458324046
2012-05-22 08:00:00,552.1554454640554
2012-05-22 09:00:00,313.18396004386625
2012-05-22 10:00:00,187.79095185018284
2012-05-22 11:00:00,191.81902648742584
2012-05-22 12:00:00,205.4813545137567
2012-05-22 13:00:00,233.98454425073876
2012-05-22 14:00:00,233.98454425073876
2012-05-22 15:00:00,276.00491047293843
2012-05-22 16:00:00,388.32404407178575
2012-05-22 17:00:00,674.5009075633018
2012-05-22 18:00:00,633.0063684951479
2012-05-22 19:00:00,437.1313946466446
2012-05-22 20:00:00,327.386258804575
2012-05-22 21:00:00,227.7883598451415
2012-05-22 22:00:00,175.102360207187
2012-05-22 23:00:00,112.59568383811101
2012-05-23 00:00:00,43.12222603917755
2012-05-23 01:00:00,16.497116265428758
2012-05-23 02:00:00,8.578098844110205
2012-05-23 03:00:00,6.641831552143536
2012-05-23 04:00:00,4.174353010083309
2012-05-23 05:00:00,23.163352176576456
2012-05-23 06:00:00,165.52615703715264
2012-05-23 07:00:00,384.02853346866686
2012-05-23 08:00:00,600.5363227763897
2012-05-23 09:00:00,328.57127945094965
2012-05-23 10:00:00,192.98249021681633
2012-05-23 11:00:00,228.30969111527423
2012-05-23 12:00:00,240.47412675879283
2012-05-23 13:00:00,237.35352318580294
2012-05-23 14:00:00,278.2588586004906
2012-05-23 15:00:00,277.2578764025413
2012-05-23 16:00:00,290.456576081091
2012-05-23 17:00:00,404.44979777669306
2012-05-23 18:00:00,404.44979777669306
2012-05-23 19:00:00,379.39820011318955
2012-05-23 20:00:00,275.69242193194617
2012-05-23 21:00:00,220.9058714993012
2012-05-23 22:00:00,168.0119971644894
2012-05-23 23:00:00,111.15674604977454
2012-05-24 00:00:00,46.78041485333659
2012-05-24 01:00:00,18.041433024397406
2012-05-24 02:00:00,9.519978806179559
2012-05-24 03:00:00,6.187000746351484
2012-05-24 04:00:00,6.091126896121794
2012-05-24 05:00:00,33.50165706716491
2012-05-24 06:00:00,157.88408045163206
2012-05-24 07:00:00,387.568225153105
2012-05-24 08:00:00,635.980960677994
2012-05-24 09:00:00,344.10175663010364
2012-05-24 10:00:00,244.44281492237815
2012-05-24 11:00:00,253.00669746107212
2012-05-24 12:00:00,284.858193675315
2012-05-24 13:00:00,293.6867770965764
2012-05-24 14:00:00,292.00862964330116
2012-05-24 15:00:00,292.00862964330116
2012-05-24 16:00:00,425.20657839622515
2012-05-24 17:00:00,702.8547472564126
2012-05-24 18:00:00,698.2117929134151
2012-05-24 19:00:00,526.4953074911772
2012-05-24 20:00:00,318.1806388485691
2012-05-24 21:00:00,155.50889444332157
2012-05-24 22:00:00,171.95439436986868
2012-05-24 23:00:00,126.55935923681743
2012-05-25 00:00:00,64.26805592201741
2012-05-25 01:00:00,29.587358432002823
2012-05-25 02:00:00,15.006976021959442
2012-05-25 03:00:00,8.09126716740479
2012-05-25 04:00:00,6.971453426300659
2012-05-25 05:00:00,32.43352936548321
2012-05-25 06:00:00,159.7778165952961
2012-05-25 07:00:00,362.24382764988
2012-05-25 08:00:00,568.6317833463207
2012-05-25 09:00:00,304.90677331439156
2012-05-25 10:00:00,238.00080120073105
2012-05-25 11:00:00,253.29438320945707
2012-05-25 12:00:00,300.5647123281249
2012-05-25 13:00:00,324.89729944147894
2012-05-25 14:00:00,320.9852585692675
2012-05-25 15:00:00,322.4915478311609
2012-05-25 16:00:00,410.9158605550388
2012-05-25 17:00:00,628.431995429744
2012-05-25 18:00:00,622.4820410264061
2012-05-25 19:00:00,500.1004854743682
2012-05-25 20:00:00,380.5522208018329
2012-05-25 21:00:00,317.2222848393105
2012-05-25 22:00:00,214.9657523794158
2012-05-25 23:00:00,154.9001211589156
2012-05-26 00:00:00,128.1152227650375
2012-05-26 01:00:00,103.25600028302631
2012-05-26 02:00:00,64.26506350878618
2012-05-26 03:00:00,31.011754765887545
2012-05-26 04:00:00,12.634490914823845
2012-05-26 05:00:00,12.607059074166981
2012-05-26 06:00:00,24.130778809739073
2012-05-26 07:00:00,102.56240285933254
2012-05-26 08:00:00,169.0144177778964
2012-05-26 09:00:00,225.77132178799656
2012-05-26 10:00:00,316.695941433138
2012-05-26 11:00:00,363.77464735421677
2012-05-26 12:00:00,462.1599360589762
2012-05-26 13:00:00,459.80662287506357
2012-05-26 14:00:00,459.97398025456744
2012-05-26 15:00:00,456.2970571740079
2012-05-26 16:00:00,527.7391884966854
2012-05-26 17:00:00,501.27753401175323
2012-05-26 18:00:00,490.500048095288
2012-05-26 19:00:00,408.16264691719755
2012-05-26 20:00:00,386.6527922210133
2012-05-26 21:00:00,302.01120152263
2012-05-26 22:00:00,214.20872520125803
2012-05-26 23:00:00,167.03448730228422
2012-05-27 00:00:00,138.72875288056468
2012-05-27 01:00:00,120.34043240167159
2012-05-27 02:00:00,77.60641269993295
2012-05-27 03:00:00,40.073615579842105
2012-05-27 04:00:00,12.614043945908747
2012-05-27 05:00:00,10.47385583251937
2012-05-27 06:00:00,16.899265244931883
2012-05-27 07:00:00,71.11576513247282
2012-05-27 08:00:00,109.37632232447959
2012-05-27 09:00:00,224.3848573209254
2012-05-27 10:00:00,360.55081178563836
2012-05-27 11:00:00,392.71190146273705
2012-05-27 12:00:00,489.74004665293455
2012-05-27 13:00:00,497.11277161916865
2012-05-27 14:00:00,497.2936779777524
2012-05-27 15:00:00,496.5462506661499
2012-05-27 16:00:00,518.6750994686449
2012-05-27 17:00:00,534.9017913131373
2012-05-27 18:00:00,399.80498150451655
2012-05-27 19:00:00,339.1383061895045
2012-05-27 20:00:00,301.16877117519607
2012-05-27 21:00:00,147.7305181782191
2012-05-27 22:00:00,87.47087494629153
2012-05-27 23:00:00,64.11254353110316
2012-05-28 00:00:00,56.169584672785874
2012-05-28 01:00:00,35.46013540986176
2012-05-28 02:00:00,19.91808256075684
2012-05-28 03:00:00,12.386691748966738
2012-05-28 04:00:00,9.966889182114583
2012-05-28 05:00:00,20.05816960876588
2012-05-28 06:00:00,41.52978673687807
2012-05-28 07:00:00,171.70860648144168
2012-05-28 08:00:00,261.37049000063274
2012-05-28 09:00:00,325.72648621385514
2012-05-28 10:00:00,297.48400617728396
2012-05-28 11:00:00,288.1424908337219
2012-05-28 12:00:00,365.1343205501507
2012-05-28 13:00:00,329.6016531585893
2012-05-28 14:00:00,329.6016531585893
2012-05-28 15:00:00,324.47647195746447
2012-05-28 16:00:00,404.3595379360459
2012-05-28 17:00:00,494.974995911969
2012-05-28 18:00:00,517.1016219006918
2012-05-28 19:00:00,490.0227368796772
2012-05-28 20:00:00,358.93076868497747
2012-05-28 21:00:00,294.04991476656
2012-05-28 22:00:00,212.55438033018467
2012-05-28 23:00:00,131.01821397052672
2012-05-29 00:00:00,39.68950906594807
2012-05-29 01:00:00,15.415121139783118
2012-05-29 02:00:00,8.822697085967208
2012-05-29 03:00:00,5.9638321029267605
2012-05-29 04:00:00,6.666307340737452
2012-05-29 05:00:00,38.52031730679032
2012-05-29 06:00:00,181.7218452279212
2012-05-29 07:00:00,411.9366657958706
2012-05-29 08:00:00,666.7821031420124
2012-05-29 09:00:00,361.5485068883859
2012-05-29 10:00:00,225.2990900170653
2012-05-29 11:00:00,238.04230462878894
2012-05-29 12:00:00,270.9123775409515
2012-05-29 13:00:00,260.77941846177686
2012-05-29 14:00:00,260.77941846177686
2012-05-29 15:00:00,279.2478956697166
2012-05-29 16:00:00,403.63000098854417
2012-05-29 17:00:00,729.9633478953237
2012-05-29 18:00:00,711.4903385455722
2012-05-29 19:00:00,506.87269146544656
2012-05-29 20:00:00,265.64316113132725
2012-05-29 21:00:00,106.76118503781439
2012-05-29 22:00:00,154.24021529812882
2012-05-29 23:00:00,60.79328089412349
2012-05-30 00:00:00,29.06843943421101
2012-05-30 01:00:00,10.886425935114858
2012-05-30 02:00:00,5.133997353618476
2012-05-30 03:00:00,4.433607975006695
2012-05-30 04:00:00,6.067840046249454
2012-05-30 05:00:00,35.79551129352464
2012-05-30 06:00:00,169.1237281944199
2012-05-30 07:00:00,209.63883325937542
2012-05-30 08:00:00,626.2235517463666
2012-05-30 09:00:00,362.98114573377364
2012-05-30 10:00:00,209.16333063308778
2012-05-30 11:00:00,239.090645051515
2012-05-30 12:00:00,290.85186736466426
2012-05-30 13:00:00,292.1040231774901
2012-05-30 14:00:00,323.620022143501
2012-05-30 15:00:00,289.741575469744
2012-05-30 16:00:00,412.81213477101215
2012-05-30 17:00:00,771.5303221135641
2012-05-30 18:00:00,764.7687736512027
2012-05-30 19:00:00,543.0382265904
2012-05-30 20:00:00,304.7459680826386
2012-05-30 21:00:00,302.46064149148856
2012-05-30 22:00:00,202.6122665795364
2012-05-30 23:00:00,148.47459513349975
2012-05-31 00:00:00,53.779593298873706
2012-05-31 01:00:00,21.13464358186822
2012-05-31 02:00:00,12.281576792571634
2012-05-31 03:00:00,7.729819105890291
2012-05-31 04:00:00,7.671531405369809
2012-05-31 05:00:00,40.79568982883004
2012-05-31 06:00:00,175.9374594928504
2012-05-31 07:00:00,473.8444634311577
2012-05-31 08:00:00,706.7005487302163
2012-05-31 09:00:00,443.362656213615
2012-05-31 10:00:00,276.1632396620045
2012-05-31 11:00:00,283.7829169687719
2012-05-31 12:00:00,327.6954283029032
2012-05-31 13:00:00,328.5300717217881
2012-05-31 14:00:00,323.21845677431133
2012-05-31 15:00:00,323.66765792374895
2012-05-31 16:00:00,462.45732943791717
2012-05-31 17:00:00,805.6472476533335
2012-05-31 18:00:00,803.6691263915981
2012-05-31 19:00:00,611.3080710919704
2012-05-31 20:00:00,424.5993439571163
2012-05-31 21:00:00,341.847701192097
2012-05-31 22:00:00,220.1851136139637
2012-05-31 23:00:00,166.95116566577377
2012-06-20 00:00:00,44.811013239151144
2012-06-20 01:00:00,17.85689191155194
2012-06-20 02:00:00,9.963259787461258
2012-06-20 03:00:00,7.40666725779835
2012-06-20 04:00:00,7.40666725779835
2012-06-20 05:00:00,38.14161301567698
2012-06-20 06:00:00,158.14186061686488
2012-06-20 07:00:00,359.153854642082
2012-06-20 08:00:00,605.5400573567775
2012-06-20 09:00:00,358.37995684929024
2012-06-20 10:00:00,208.83324748257374
2012-06-20 11:00:00,225.9916656895457
2012-06-20 12:00:00,265.92268869073934
2012-06-20 13:00:00,265.6644209709886
2012-06-20 14:00:00,267.53948615318023
2012-06-20 15:00:00,261.8824960818314
2012-06-20 16:00:00,377.7260159687541
2012-06-20 17:00:00,674.6917975690549
2012-06-20 18:00:00,674.6917975690549
2012-06-20 19:00:00,518.7066228800749
2012-06-20 20:00:00,393.3169945422892
2012-06-20 21:00:00,310.27690222774476
2012-06-20 22:00:00,236.51276774825303
2012-06-20 23:00:00,142.06698356540937
2012-06-21 00:00:00,55.21812711849242
2012-06-21 01:00:00,20.120829140437916
2012-06-21 02:00:00,10.974444051499052
2012-06-21 03:00:00,8.055637518342376
2012-06-21 04:00:00,7.162068969283734
2012-06-21 05:00:00,36.910163259533704
2012-06-21 06:00:00,165.09826937417708
2012-06-21 07:00:00,374.89689936143174
2012-06-21 08:00:00,689.0453045919329
2012-06-21 09:00:00,381.3764738947782
2012-06-21 10:00:00,216.19265731143014
2012-06-21 11:00:00,233.78301420083952
2012-06-21 12:00:00,262.4624144171969
2012-06-21 13:00:00,259.42144225698996
2012-06-21 14:00:00,268.95503202781015
2012-06-21 15:00:00,236.6097622041351
2012-06-21 16:00:00,374.18045807099
2012-06-21 17:00:00,685.466590748118
2012-06-21 18:00:00,713.3219250894607
2012-06-21 19:00:00,521.9069979141582
2012-06-21 20:00:00,375.1892944066565
2012-06-21 21:00:00,298.430292116997
2012-06-21 22:00:00,219.57227743684223
2012-06-21 23:00:00,161.7711331938661
2012-06-22 00:00:00,70.17090722868726
2012-06-22 01:00:00,35.73814768303579
2012-06-22 02:00:00,17.122879341024525
2012-06-22 03:00:00,9.620534855445085
2012-06-22 04:00:00,8.336885226157628
2012-06-22 05:00:00,37.94269608516169
2012-06-22 06:00:00,191.58648616606806
2012-06-22 07:00:00,436.9298359402317
2012-06-22 08:00:00,703.0879391916638
2012-06-22 09:00:00,383.45000555039917
2012-06-22 10:00:00,254.84630877739167
2012-06-22 11:00:00,285.55782430687816
2012-06-22 12:00:00,311.11818858565107
2012-06-22 13:00:00,317.5034254074165
2012-06-22 14:00:00,317.5034254074165
2012-06-22 15:00:00,313.58625331997155
2012-06-22 16:00:00,406.7334798498484
2012-06-22 17:00:00,728.3245303139855
2012-06-22 18:00:00,632.1522897495321
2012-06-22 19:00:00,510.20583575306733
2012-06-22 20:00:00,367.90935387332433
2012-06-22 21:00:00,213.14636025580046
2012-06-22 22:00:00,200.248667525832
2012-06-22 23:00:00,148.16973537302562
2012-06-23 00:00:00,128.87940417277125
2012-06-23 01:00:00,111.09671073112243
2012-06-23 02:00:00,63.24167640901237
2012-06-23 03:00:00,31.240963615146228
2012-06-23 04:00:00,12.640003120073091
2012-06-23 05:00:00,12.287489899657036
2012-06-23 06:00:00,24.990577359702048
2012-06-23 07:00:00,109.03723819400201
2012-06-23 08:00:00,183.00057569160066
2012-06-23 09:00:00,278.39574821822737
2012-06-23 10:00:00,398.62513046800785
2012-06-23 11:00:00,463.0606514149861
2012-06-23 12:00:00,529.6739790302481
2012-06-23 13:00:00,529.6739790302481
2012-06-23 14:00:00,543.2440839268139
2012-06-23 15:00:00,510.22575729973886
2012-06-23 16:00:00,572.3187153773537
2012-06-23 17:00:00,591.5483063164933
2012-06-23 18:00:00,555.0542475673552
2012-06-23 19:00:00,472.68806308107344
2012-06-23 20:00:00,395.8184439970764
2012-06-23 21:00:00,340.3112882838404
2012-06-23 22:00:00,268.49687557376444
2012-06-23 23:00:00,200.8427888384427
2012-06-24 00:00:00,170.32926338123136
2012-06-24 01:00:00,133.95307180758354
2012-06-24 02:00:00,87.43070946143608
2012-06-24 03:00:00,38.8039802868337
2012-06-24 04:00:00,15.127289485856792
2012-06-24 05:00:00,11.892283886441302
2012-06-24 06:00:00,20.54422982687392
2012-06-24 07:00:00,79.92927887062369
2012-06-24 08:00:00,136.44100555365955
2012-06-24 09:00:00,276.0648785226929
2012-06-24 10:00:00,472.6612020913113
2012-06-24 11:00:00,517.8570192923568
2012-06-24 12:00:00,594.2942099243378
2012-06-24 13:00:00,591.0303094359284
2012-06-24 14:00:00,562.4022619055498
2012-06-24 15:00:00,559.0306964582957
2012-06-24 16:00:00,582.4436757674245
2012-06-24 17:00:00,534.7257453942872
2012-06-24 18:00:00,471.57751662330827
2012-06-24 19:00:00,384.73155179826784
2012-06-24 20:00:00,300.2054499363935
2012-06-24 21:00:00,250.15362098884222
2012-06-24 22:00:00,192.2198264945434
2012-06-24 23:00:00,118.54295986387065
2012-06-25 00:00:00,42.94070751840409
2012-06-25 01:00:00,17.87480506779929
2012-06-25 02:00:00,9.220236584619347
2012-06-25 03:00:00,6.465468474847543
2012-06-25 04:00:00,6.741005717983199
2012-06-25 05:00:00,39.06588832092024
2012-06-25 06:00:00,167.94013541239994
2012-06-25 07:00:00,415.0655056422581
2012-06-25 08:00:00,632.3614798785757
2012-06-25 09:00:00,386.9173810386399
2012-06-25 10:00:00,230.3189934708368
2012-06-25 11:00:00,251.05875358687007
2012-06-25 12:00:00,295.4289930749086
2012-06-25 13:00:00,269.92651830871824
2012-06-25 14:00:00,292.7619926322521
2012-06-25 15:00:00,294.32948759623287
2012-06-25 16:00:00,424.89264213063706
2012-06-25 17:00:00,749.5803963733888
2012-06-25 18:00:00,771.4955490284908
2012-06-25 19:00:00,576.8887776876323
2012-06-25 20:00:00,382.13938089081216
2012-06-25 21:00:00,309.56838214221364
2012-06-25 22:00:00,221.0987046781185
2012-06-25 23:00:00,131.60491092341385
2012-06-26 00:00:00,51.36554989175397
2012-06-26 01:00:00,21.15918180872224
2012-06-26 02:00:00,10.460185112301199
2012-06-26 03:00:00,6.561431801781008
2012-06-26 04:00:00,6.974692420858568
2012-06-26 05:00:00,33.75306030679631
2012-06-26 06:00:00,161.4706900905472
2012-06-26 07:00:00,366.74532303343955
2012-06-26 08:00:00,609.0088343816893
2012-06-26 09:00:00,373.27111864999966
2012-06-26 10:00:00,253.66681260651376
2012-06-26 11:00:00,260.6284611420078
2012-06-26 12:00:00,299.38270418274874
2012-06-26 13:00:00,299.38270418274874
2012-06-26 14:00:00,299.38270418274874
2012-06-26 15:00:00,299.38270418274874
2012-06-26 16:00:00,428.2062024345083
2012-06-26 17:00:00,743.8601933092882
2012-06-26 18:00:00,743.8601933092882
2012-06-26 19:00:00,560.6393415999627
2012-06-26 20:00:00,392.8057966530801
2012-06-26 21:00:00,320.0944201750765
2012-06-26 22:00:00,236.60062399823764
2012-06-26 23:00:00,151.5985471787967
2012-06-27 00:00:00,62.160849787974705
2012-06-27 01:00:00,25.608330672038726
2012-06-27 02:00:00,11.260494549605287
2012-06-27 03:00:00,8.446473887285917
2012-06-27 04:00:00,9.62559319556274
2012-06-27 05:00:00,44.12268264537836
2012-06-27 06:00:00,184.37103249210702
2012-06-27 07:00:00,463.20391921393883
2012-06-27 08:00:00,724.063842384089
2012-06-27 09:00:00,432.15127343155405
2012-06-27 10:00:00,257.30553196859455
2012-06-27 11:00:00,266.19443165977884
2012-06-27 12:00:00,315.2648883327419
2012-06-27 13:00:00,297.7759084230752
2012-06-27 14:00:00,297.9341575199922
2012-06-27 15:00:00,297.8765142534356
2012-06-27 16:00:00,430.38128060401266
2012-06-27 17:00:00,758.3394807822489
2012-06-27 18:00:00,758.3394807822489
2012-06-27 19:00:00,571.0850400440619
2012-06-27 20:00:00,422.1799232470336
2012-06-27 21:00:00,339.15129056607816
2012-06-27 22:00:00,241.58465646734007
2012-06-27 23:00:00,151.30874196077144
2012-06-28 00:00:00,58.55468356038124
2012-06-28 01:00:00,23.605146032121784
2012-06-28 02:00:00,13.016843900345851
2012-06-28 03:00:00,8.486502486913569
2012-06-28 04:00:00,7.978395251295311
2012-06-28 05:00:00,39.74540145361998
2012-06-28 06:00:00,189.76391262634868
2012-06-28 07:00:00,454.65339424510347
2012-06-28 08:00:00,627.1198844545993
2012-06-28 09:00:00,406.6379296568918
2012-06-28 10:00:00,258.307050763875
2012-06-28 11:00:00,251.28215593095
2012-06-28 12:00:00,295.05848613814754
2012-06-28 13:00:00,288.996959248306
2012-06-28 14:00:00,291.48988604523845
2012-06-28 15:00:00,291.48988604523845
2012-06-28 16:00:00,405.9355990047309
2012-06-28 17:00:00,718.3358155519257
2012-06-28 18:00:00,738.8930542394995
2012-06-28 19:00:00,561.359102544211
2012-06-28 20:00:00,411.6859784864711
2012-06-28 21:00:00,328.1073156150898
2012-06-28 22:00:00,232.17827395234025
2012-06-28 23:00:00,180.81471672609155
2012-06-29 00:00:00,94.42273081023887
2012-06-29 01:00:00,39.39334980642673
2012-06-29 02:00:00,18.527641681695624
2012-06-29 03:00:00,9.81629580277779
2012-06-29 04:00:00,9.00833355697924
2012-06-29 05:00:00,39.12528155686943
2012-06-29 06:00:00,200.55608427985598
2012-06-29 07:00:00,462.5957265054552
2012-06-29 08:00:00,697.0824825497285
2012-06-29 09:00:00,399.99031753252183
2012-06-29 10:00:00,239.33143032069898
2012-06-29 11:00:00,253.27196144136363
2012-06-29 12:00:00,279.4350396689424
2012-06-29 13:00:00,277.94197507010574
2012-06-29 14:00:00,279.5215394734502
2012-06-29 15:00:00,274.72233259329266
2012-06-29 16:00:00,358.05417009233895
2012-06-29 17:00:00,569.4333971625745
2012-06-29 18:00:00,556.4288532570271
2012-06-29 19:00:00,421.6413245245753
2012-06-29 20:00:00,315.67806570115795
2012-06-29 21:00:00,250.76919824248046
2012-06-29 22:00:00,158.5529188902591
2012-06-29 23:00:00,131.55447503942273
2012-06-30 00:00:00,87.75019796752025
2012-06-30 01:00:00,70.40663272766047
2012-06-30 02:00:00,60.96606341810837
2012-06-30 03:00:00,29.656319928955735
2012-06-30 04:00:00,9.915577652585446
2012-06-30 05:00:00,12.232313308303342
2012-06-30 06:00:00,24.365952607950376
2012-06-30 07:00:00,107.11797940359392
2012-06-30 08:00:00,161.77464850156713
2012-06-30 09:00:00,223.3717892113672
2012-06-30 10:00:00,382.42470472280274
2012-06-30 11:00:00,412.0452835165501
2012-06-30 12:00:00,483.8959201257263
2012-06-30 13:00:00,483.8959201257263
2012-06-30 14:00:00,483.8959201257263
2012-06-30 15:00:00,483.8959201257263
2012-06-30 16:00:00,502.0331276163306
2012-06-30 17:00:00,528.2669122495191
2012-06-30 18:00:00,479.2333351594079
2012-06-30 19:00:00,446.7329536163149
2012-06-30 20:00:00,358.1591413453963
2012-06-30 21:00:00,297.5774066323933
2012-06-30 22:00:00,233.17609118825573
2012-06-30 23:00:00,181.43495787570205
2012-07-20 00:00:00,48.50457286203243
2012-07-20 01:00:00,29.089567842136283
2012-07-20 02:00:00,14.190881831429875
2012-07-20 03:00:00,8.127222243119007
2012-07-20 04:00:00,6.949297093089372
2012-07-20 05:00:00,32.43352936548321
2012-07-20 06:00:00,158.69934579012917
2012-07-20 07:00:00,358.39258565855204
2012-07-20 08:00:00,601.7144492413382
2012-07-20 09:00:00,327.9808413969997
2012-07-20 10:00:00,219.96833109512946
2012-07-20 11:00:00,188.8263635961074
2012-07-20 12:00:00,166.51928454573866
2012-07-20 13:00:00,164.73178609106486
2012-07-20 14:00:00,164.17729702262878
2012-07-20 15:00:00,228.11439397443917
2012-07-20 16:00:00,297.6006311635654
2012-07-20 17:00:00,400.46715541248744
2012-07-20 18:00:00,458.68887113791845
2012-07-20 19:00:00,349.48936708108255
2012-07-20 20:00:00,162.259884861001
2012-07-20 21:00:00,136.3616653746487
2012-07-20 22:00:00,175.85142559336293
2012-07-20 23:00:00,129.8852168120157
2012-07-21 00:00:00,89.58850884876703
2012-07-21 01:00:00,99.81051661678958
2012-07-21 02:00:00,45.67544087593428
2012-07-21 03:00:00,23.493614888781007
2012-07-21 04:00:00,8.899178348521358
2012-07-21 05:00:00,8.974848898393038
2012-07-21 06:00:00,19.37866490305777
2012-07-21 07:00:00,102.52984307134948
2012-07-21 08:00:00,163.70251802290773
2012-07-21 09:00:00,224.11890342834215
2012-07-21 10:00:00,161.1071564460533
2012-07-21 11:00:00,295.8553376634889
2012-07-21 12:00:00,194.16612438585224
2012-07-21 13:00:00,199.79931671523462
2012-07-21 14:00:00,303.3331008029818
2012-07-21 15:00:00,184.0919050336878
2012-07-21 16:00:00,212.63532107360098
2012-07-21 17:00:00,230.67796871675796
2012-07-21 18:00:00,307.0493948171527
2012-07-21 19:00:00,284.6823273217176
2012-07-21 20:00:00,171.12028075585204
2012-07-21 21:00:00,205.51036499216838
2012-07-21 22:00:00,164.5462116575594
2012-07-21 23:00:00,130.5049062881155
2012-07-22 00:00:00,116.48700858574492
2012-07-22 01:00:00,98.79051482343895
2012-07-22 02:00:00,64.13053820554636
2012-07-22 03:00:00,32.31289965519254
2012-07-22 04:00:00,12.818196433032938
2012-07-22 05:00:00,10.695891893298787
2012-07-22 06:00:00,16.883212833310047
2012-07-22 07:00:00,72.17291128726416
2012-07-22 08:00:00,113.9018326740656
2012-07-22 09:00:00,229.32265081980825
2012-07-22 10:00:00,332.9265606646857
2012-07-22 11:00:00,351.0393197808775
2012-07-22 12:00:00,393.35347910137443
2012-07-22 13:00:00,460.3580458189334
2012-07-22 14:00:00,429.8496563564237
2012-07-22 15:00:00,429.8496563564237
2012-07-22 16:00:00,498.2396688085962
2012-07-22 17:00:00,447.46068662046525
2012-07-22 18:00:00,383.6955282074322
2012-07-22 19:00:00,282.4499805244637
2012-07-22 20:00:00,239.60601041663142
2012-07-22 21:00:00,183.81047844604188
2012-07-22 22:00:00,155.46419482766493
2012-07-22 23:00:00,98.45130947378665
2012-07-23 00:00:00,36.48654191799467
2012-07-23 01:00:00,14.078096444591509
2012-07-23 02:00:00,6.434789049234263
2012-07-23 03:00:00,4.7356002149231955
2012-07-23 04:00:00,5.049072287109611
2012-07-23 05:00:00,27.41972760363084
2012-07-23 06:00:00,159.0389022240471
2012-07-23 07:00:00,381.1098376755838
2012-07-23 08:00:00,607.7535931692432
2012-07-23 09:00:00,352.2661829178772
2012-07-23 10:00:00,209.27228643435885
2012-07-23 11:00:00,214.0419422204647
2012-07-23 12:00:00,255.40315671470773
2012-07-23 13:00:00,252.667231429187
2012-07-23 14:00:00,250.88670436985856
2012-07-23 15:00:00,269.1558482494722
2012-07-23 16:00:00,372.6166761415837
2012-07-23 17:00:00,642.1452494600954
2012-07-23 18:00:00,727.3918601607035
2012-07-23 19:00:00,507.38759706491055
2012-07-23 20:00:00,379.1087592838709
2012-07-23 21:00:00,306.20266833888803
2012-07-23 22:00:00,223.90482597117162
2012-07-23 23:00:00,120.36761141464636
2012-07-24 00:00:00,42.374302361350686
2012-07-24 01:00:00,15.949739038967511
2012-07-24 02:00:00,8.945665259451918
2012-07-24 03:00:00,6.512094688691451
2012-07-24 04:00:00,6.891052745254441
2012-07-24 05:00:00,36.726085835264655
2012-07-24 06:00:00,173.4262315389378
2012-07-24 07:00:00,419.61653016425805
2012-07-24 08:00:00,680.7243890364797
2012-07-24 09:00:00,321.5620339537888
2012-07-24 10:00:00,212.9048954980643
2012-07-24 11:00:00,212.24575207920867
2012-07-24 12:00:00,242.4800001907883
2012-07-24 13:00:00,245.46346791251912
2012-07-24 14:00:00,244.77757063436445
2012-07-24 15:00:00,279.5933395870865
2012-07-24 16:00:00,393.24726262251284
2012-07-24 17:00:00,646.2468774453595
2012-07-24 18:00:00,642.3674829920309
2012-07-24 19:00:00,511.9496725276432
2012-07-24 20:00:00,372.7534247805585
2012-07-24 21:00:00,300.7127010016593
2012-07-24 22:00:00,224.23253592941924
2012-07-24 23:00:00,132.63723974734916
2012-07-25 00:00:00,49.28519118458366
2012-07-25 01:00:00,20.404046662478876
2012-07-25 02:00:00,11.008930170217127
2012-07-25 03:00:00,7.743941943842897
2012-07-25 04:00:00,7.743941943842897
2012-07-25 05:00:00,40.58095825137463
2012-07-25 06:00:00,198.3336322831362
2012-07-25 07:00:00,393.12760229516704
2012-07-25 08:00:00,722.7480804263669
2012-07-25 09:00:00,426.98556759521864
2012-07-25 10:00:00,255.3233643250319
2012-07-25 11:00:00,256.6278995239695
2012-07-25 12:00:00,311.25937295554144
2012-07-25 13:00:00,296.2586777340396
2012-07-25 14:00:00,292.93112451338123
2012-07-25 15:00:00,293.08680753098315
2012-07-25 16:00:00,429.2381615757462
2012-07-25 17:00:00,755.5870223021521
2012-07-25 18:00:00,755.5870223021521
2012-07-25 19:00:00,591.7410484337762
2012-07-25 20:00:00,425.8063083164105
2012-07-25 21:00:00,319.09610927847393
2012-07-25 22:00:00,216.15594269173198
2012-07-25 23:00:00,128.6280598677916
2012-07-26 00:00:00,55.8992482719773
2012-07-26 01:00:00,22.411176818486865
2012-07-26 02:00:00,11.113808919031085
2012-07-26 03:00:00,7.3667045369003805
2012-07-26 04:00:00,7.549155749815984
2012-07-26 05:00:00,39.90877569178365
2012-07-26 06:00:00,179.05951579275612
2012-07-26 07:00:00,434.0577533806986
2012-07-26 08:00:00,626.8018747804501
2012-07-26 09:00:00,346.2339286306435
2012-07-26 10:00:00,233.34553652394823
2012-07-26 11:00:00,221.49850623417754
2012-07-26 12:00:00,242.8387407716246
2012-07-26 13:00:00,228.6310723184863
2012-07-26 14:00:00,232.34459899893758
2012-07-26 15:00:00,241.2595314704753
2012-07-26 16:00:00,346.86400615678883
2012-07-26 17:00:00,604.7336905775555
2012-07-26 18:00:00,613.8156929198602
2012-07-26 19:00:00,454.5591995448263
2012-07-26 20:00:00,328.07117051300173
2012-07-26 21:00:00,301.29415962841466
2012-07-26 22:00:00,220.63433540083815
2012-07-26 23:00:00,145.6434254293043
2012-07-27 00:00:00,70.52887959780762
2012-07-27 01:00:00,32.347120433730666
2012-07-27 02:00:00,16.214307796902425
2012-07-27 03:00:00,9.835923100586259
2012-07-27 04:00:00,7.837961363043362
2012-07-27 05:00:00,35.490090108641695
2012-07-27 06:00:00,176.78502386486053
2012-07-27 07:00:00,422.5816294173384
2012-07-27 08:00:00,669.956381390474
2012-07-27 09:00:00,403.35416266618887
2012-07-27 10:00:00,260.5516248494626
2012-07-27 11:00:00,290.2167194866374
2012-07-27 12:00:00,318.9954309610568
2012-07-27 13:00:00,335.7229258789204
2012-07-27 14:00:00,321.8166616592916
2012-07-27 15:00:00,329.3959107198319
2012-07-27 16:00:00,434.56135957423703
2012-07-27 17:00:00,676.1651347272987
2012-07-27 18:00:00,698.7648751421029
2012-07-27 19:00:00,492.60447742028424
2012-07-27 20:00:00,354.21449830719837
2012-07-27 21:00:00,292.66311796574473
2012-07-27 22:00:00,229.7361234705755
2012-07-27 23:00:00,180.06641439798082
2012-07-28 00:00:00,153.11074238280358
2012-07-28 01:00:00,112.43279582198207
2012-07-28 02:00:00,71.12473213084922
2012-07-28 03:00:00,33.76735270560212
2012-07-28 04:00:00,13.049941842932212
2012-07-28 05:00:00,13.303185724497933
2012-07-28 06:00:00,27.640623049412422
2012-07-28 07:00:00,120.1301229350984
2012-07-28 08:00:00,193.6157617140992
2012-07-28 09:00:00,256.7661136772944
2012-07-28 10:00:00,362.2423621415196
2012-07-28 11:00:00,430.0002209351398
2012-07-28 12:00:00,510.9388172354883
2012-07-28 13:00:00,484.80248081496217
2012-07-28 14:00:00,507.1664314581485
2012-07-28 15:00:00,483.2205272037417
2012-07-28 16:00:00,556.5851647642177
2012-07-28 17:00:00,566.589873763591
2012-07-28 18:00:00,545.6858422733839
2012-07-28 19:00:00,321.8879561582908
2012-07-28 20:00:00,284.03003590062673
2012-07-28 21:00:00,244.71831048025462
2012-07-28 22:00:00,192.06506999822406
2012-07-28 23:00:00,149.58920553385192
2012-07-29 00:00:00,126.44012204967564
2012-07-29 01:00:00,113.07331567266006
2012-07-29 02:00:00,77.15263311644395
2012-07-29 03:00:00,36.35316897122187
2012-07-29 04:00:00,13.833373145365123
2012-07-29 05:00:00,10.658518690285275
2012-07-29 06:00:00,19.037361098186654
2012-07-29 07:00:00,79.2301201038781
2012-07-29 08:00:00,137.5220375733917
2012-07-29 09:00:00,252.27707396828134
2012-07-29 10:00:00,386.36893429529897
2012-07-29 11:00:00,459.52516327196605
2012-07-29 12:00:00,532.5522548522886
2012-07-29 13:00:00,554.1791154296075
2012-07-29 14:00:00,569.4710879528633
2012-07-29 15:00:00,575.3380603827281
2012-07-29 16:00:00,591.2483299541667
2012-07-29 17:00:00,550.2075031907535
2012-07-29 18:00:00,479.91142715017645
2012-07-29 19:00:00,363.8701595216101
2012-07-29 20:00:00,272.5824003684466
2012-07-29 21:00:00,198.62897293157522
2012-07-29 22:00:00,154.0443017593953
2012-07-29 23:00:00,103.58915150052911
2012-07-30 00:00:00,42.374302361350686
2012-07-30 01:00:00,16.96276958347014
2012-07-30 02:00:00,9.478396963074479
2012-07-30 03:00:00,6.482126460630856
2012-07-30 04:00:00,6.891052745254441
2012-07-30 05:00:00,36.726085835264655
2012-07-30 06:00:00,174.12486248483384
2012-07-30 07:00:00,389.88548652957024
2012-07-30 08:00:00,621.1580806890879
2012-07-30 09:00:00,353.75882871362097
2012-07-30 10:00:00,220.83459385367908
2012-07-30 11:00:00,224.3069662148196
2012-07-30 12:00:00,256.5940137924945
2012-07-30 13:00:00,277.7070380456403
2012-07-30 14:00:00,278.03193492038815
2012-07-30 15:00:00,278.03193492038815
2012-07-30 16:00:00,403.53717969851795
2012-07-30 17:00:00,679.6564281160877
2012-07-30 18:00:00,642.3459874213212
2012-07-30 19:00:00,510.1805663614109
2012-07-30 20:00:00,324.17485519028907
2012-07-30 21:00:00,261.3163781418537
2012-07-30 22:00:00,180.86161541451082
2012-07-30 23:00:00,114.46907777687302
2012-07-31 00:00:00,39.76488396016627
2012-07-31 01:00:00,15.851947652832237
2012-07-31 02:00:00,8.90598871421904
2012-07-31 03:00:00,6.482126460630856
2012-07-31 04:00:00,6.891052745254441
2012-07-31 05:00:00,36.87719046442234
2012-07-31 06:00:00,162.1940679232657
2012-07-31 07:00:00,387.31291617722314
2012-07-31 08:00:00,595.5575685199873
2012-07-31 09:00:00,346.43535497580564
2012-07-31 10:00:00,198.97738243101767
2012-07-31 11:00:00,224.7281269696513
2012-07-31 12:00:00,282.29583785791016
2012-07-31 13:00:00,271.24754679049977
2012-07-31 14:00:00,271.24754679049977
2012-07-31 15:00:00,265.38350321737266
2012-07-31 16:00:00,386.2048923984976
2012-07-31 17:00:00,649.9319839027779
2012-07-31 18:00:00,680.4223468063658
2012-07-31 19:00:00,439.7291892313644
2012-07-31 20:00:00,251.78887543726475
2012-07-31 21:00:00,241.19642953269647
2012-07-31 22:00:00,189.8579256166956
2012-07-31 23:00:00,111.4267051344429
2012-08-20 00:00:00,35.7810688765291
2012-08-20 01:00:00,14.850572141937384
2012-08-20 02:00:00,8.317355595129516
2012-08-20 03:00:00,6.1150826312684945
2012-08-20 04:00:00,6.570694743538661
2012-08-20 05:00:00,34.904609375683904
2012-08-20 06:00:00,169.10383388995453
2012-08-20 07:00:00,385.6587777362581
2012-08-20 08:00:00,630.7309137022388
2012-08-20 09:00:00,355.7155500894566
2012-08-20 10:00:00,209.22307895004843
2012-08-20 11:00:00,236.4265361532565
2012-08-20 12:00:00,262.6415360095783
2012-08-20 13:00:00,269.90237563394186
2012-08-20 14:00:00,277.62589904234716
2012-08-20 15:00:00,279.1117966902188
2012-08-20 16:00:00,400.5666812944687
2012-08-20 17:00:00,645.5684362791847
2012-08-20 18:00:00,481.26283362226366
2012-08-20 19:00:00,386.9687266840752
2012-08-20 20:00:00,263.3071418060749
2012-08-20 21:00:00,221.32890817552092
2012-08-20 22:00:00,161.24522861746695
2012-08-20 23:00:00,100.31419886052468
2012-08-21 00:00:00,35.7810688765291
2012-08-21 01:00:00,14.779436826791596
2012-08-21 02:00:00,7.442030053764981
2012-08-21 03:00:00,6.1150826312684945
2012-08-21 04:00:00,6.503948593438953
2012-08-21 05:00:00,35.456106088448536
2012-08-21 06:00:00,167.55449116451345
2012-08-21 07:00:00,390.14787676405115
2012-08-21 08:00:00,611.5859531317228
2012-08-21 09:00:00,362.68746585836027
2012-08-21 10:00:00,229.01879512158746
2012-08-21 11:00:00,242.8769153080714
2012-08-21 12:00:00,299.43922429682004
2012-08-21 13:00:00,309.02531288745723
2012-08-21 14:00:00,306.78160852714717
2012-08-21 15:00:00,306.78160852714717
2012-08-21 16:00:00,442.17988912766293
2012-08-21 17:00:00,696.8572692438285
2012-08-21 18:00:00,665.6558472728294
2012-08-21 19:00:00,314.6199734030128
2012-08-21 20:00:00,323.1864698786153
2012-08-21 21:00:00,260.1530951200514
2012-08-21 22:00:00,172.73433448097802
2012-08-21 23:00:00,108.77992245596056
2012-08-22 00:00:00,42.86231067866853
2012-08-22 01:00:00,17.545031326703032
2012-08-22 02:00:00,9.514096704174095
2012-08-22 03:00:00,7.13689241872839
2012-08-22 04:00:00,6.959684236081179
2012-08-22 05:00:00,36.822989730567365
2012-08-22 06:00:00,181.624180832338
2012-08-22 07:00:00,398.1792139914255
2012-08-22 08:00:00,671.3177950063987
2012-08-22 09:00:00,396.1184813159403
2012-08-22 10:00:00,239.67895646158092
2012-08-22 11:00:00,239.0764345654033
2012-08-22 12:00:00,288.9813600708957
2012-08-22 13:00:00,305.581098875031
2012-08-22 14:00:00,306.3504660461351
2012-08-22 15:00:00,305.581098875031
2012-08-22 16:00:00,341.89235529843006
2012-08-22 17:00:00,598.1926100325766
2012-08-22 18:00:00,541.2687150218661
2012-08-22 19:00:00,434.2491639674737
2012-08-22 20:00:00,332.62686508365096
2012-08-22 21:00:00,265.4993261923712
2012-08-22 22:00:00,197.94528424727872
2012-08-22 23:00:00,111.94849327315865
2012-08-23 00:00:00,47.829572952125424
2012-08-23 01:00:00,18.734025314955524
2012-08-23 02:00:00,10.188196281194914
2012-08-23 03:00:00,7.047623633604255
2012-08-23 04:00:00,6.993890850534263
2012-08-23 05:00:00,36.143019722738245
2012-08-23 06:00:00,158.62427709918944
2012-08-23 07:00:00,382.35068919285914
2012-08-23 08:00:00,648.1131512579608
2012-08-23 09:00:00,373.2708423953468
2012-08-23 10:00:00,235.38988061743996
2012-08-23 11:00:00,262.4434117111556
2012-08-23 12:00:00,301.1019970552872
2012-08-23 13:00:00,299.69634157149335
2012-08-23 14:00:00,301.5492776946379
2012-08-23 15:00:00,297.9724338181086
2012-08-23 16:00:00,456.1252261897824
2012-08-23 17:00:00,795.9570283684095
2012-08-23 18:00:00,796.8629403352979
2012-08-23 19:00:00,543.174255546767
2012-08-23 20:00:00,389.9630477406758
2012-08-23 21:00:00,313.9459323002453
2012-08-23 22:00:00,219.116248455424
2012-08-23 23:00:00,140.8024471933133
2012-08-24 00:00:00,69.45101230459454
2012-08-24 01:00:00,32.921115065343116
2012-08-24 02:00:00,17.632302983776402
2012-08-24 03:00:00,9.995404285210572
2012-08-24 04:00:00,8.282246868751972
2012-08-24 05:00:00,35.599946756869166
2012-08-24 06:00:00,168.40409109062875
2012-08-24 07:00:00,397.27950060750766
2012-08-24 08:00:00,650.8283983947042
2012-08-24 09:00:00,385.9462968610948
2012-08-24 10:00:00,288.52405897393686
2012-08-24 11:00:00,313.00059239447944
2012-08-24 12:00:00,369.97652215244386
2012-08-24 13:00:00,356.7329160397152
2012-08-24 14:00:00,359.82581564589645
2012-08-24 15:00:00,369.04788468829366
2012-08-24 16:00:00,483.38071256210463
2012-08-24 17:00:00,689.0856176445794
2012-08-24 18:00:00,609.1798996802105
2012-08-24 19:00:00,494.1453461626479
2012-08-24 20:00:00,366.39941914898577
2012-08-24 21:00:00,301.17106695064297
2012-08-24 22:00:00,233.8875865643324
2012-08-24 23:00:00,153.49351438285785
2012-08-25 00:00:00,159.98349117748228
2012-08-25 01:00:00,114.1018219856126
2012-08-25 02:00:00,72.49517810356726
2012-08-25 03:00:00,35.30239383994003
2012-08-25 04:00:00,14.084523856752478
2012-08-25 05:00:00,13.948419685624472
2012-08-25 06:00:00,25.11139868937434
2012-08-25 07:00:00,111.48154984573299
2012-08-25 08:00:00,179.808398318
2012-08-25 09:00:00,251.69438923996518
2012-08-25 10:00:00,365.8650095960399
2012-08-25 11:00:00,387.31253660569456
2012-08-25 12:00:00,364.0291275170653
2012-08-25 13:00:00,477.77018993363646
2012-08-25 14:00:00,337.4040099703258
2012-08-25 15:00:00,358.46737491978934
2012-08-25 16:00:00,404.4054877623746
2012-08-25 17:00:00,385.2985359800425
2012-08-25 18:00:00,368.630821057053
2012-08-25 19:00:00,308.9216451167266
2012-08-25 20:00:00,175.3604621824207
2012-08-25 21:00:00,212.91261457613552
2012-08-25 22:00:00,168.251938391275
2012-08-25 23:00:00,136.30854156552456
2012-08-26 00:00:00,124.16223576497876
2012-08-26 01:00:00,102.31247162566005
2012-08-26 02:00:00,62.91492530824428
2012-08-26 03:00:00,31.539666603590526
2012-08-26 04:00:00,11.769272093036959
2012-08-26 05:00:00,10.224211467436277
2012-08-26 06:00:00,15.513978639825385
2012-08-26 07:00:00,68.78252199599616
2012-08-26 08:00:00,117.99531598386345
2012-08-26 09:00:00,222.51482372854642
2012-08-26 10:00:00,409.8716562746267
2012-08-26 11:00:00,438.10309903363265
2012-08-26 12:00:00,319.36494373877315
2012-08-26 13:00:00,271.64616985957366
2012-08-26 14:00:00,342.6638399242887
2012-08-26 15:00:00,187.72948496107261
2012-08-26 16:00:00,205.82161395814748
2012-08-26 17:00:00,307.1447397726402
2012-08-26 18:00:00,258.4414647789606
2012-08-26 19:00:00,222.85079093909894
2012-08-26 20:00:00,199.61477871611268
2012-08-26 21:00:00,170.03525529333385
2012-08-26 22:00:00,131.1093390995584
2012-08-26 23:00:00,90.7963802499724
2012-08-27 00:00:00,37.44111927343987
2012-08-27 01:00:00,14.603229702184453
2012-08-27 02:00:00,8.171961634311701
2012-08-27 03:00:00,6.0982098783122325
2012-08-27 04:00:00,6.638024677375613
2012-08-27 05:00:00,34.64649624742828
2012-08-27 06:00:00,163.8112670674618
2012-08-27 07:00:00,389.982386419112
2012-08-27 08:00:00,595.7054541910776
2012-08-27 09:00:00,329.25408375383057
2012-08-27 10:00:00,223.42217825971537
2012-08-27 11:00:00,242.41304517974544
2012-08-27 12:00:00,277.78331583326974
2012-08-27 13:00:00,277.0617836887796
2012-08-27 14:00:00,284.67515852788637
2012-08-27 15:00:00,280.0980743415967
2012-08-27 16:00:00,404.25422957974575
2012-08-27 17:00:00,752.5636995905331
2012-08-27 18:00:00,670.2888259000105
2012-08-27 19:00:00,510.52964888335856
2012-08-27 20:00:00,380.4672269365755
2012-08-27 21:00:00,283.3786347641817
2012-08-27 22:00:00,172.93450643873476
2012-08-27 23:00:00,107.9072593656001
2012-08-28 00:00:00,38.621441443196936
2012-08-28 01:00:00,15.431240064479226
2012-08-28 02:00:00,8.820062992580901
2012-08-28 03:00:00,6.126282606669091
2012-08-28 04:00:00,6.981848597281456
2012-08-28 05:00:00,35.53876812407403
2012-08-28 06:00:00,156.2237161454896
2012-08-28 07:00:00,377.40883046574936
2012-08-28 08:00:00,548.6336569639857
2012-08-28 09:00:00,327.70269030909066
2012-08-28 10:00:00,240.19090740238565
2012-08-28 11:00:00,243.07780368441087
2012-08-28 12:00:00,289.71062040196165
2012-08-28 13:00:00,296.90009884090256
2012-08-28 14:00:00,290.65034852179673
2012-08-28 15:00:00,296.90009884090256
2012-08-28 16:00:00,428.97197839734
2012-08-28 17:00:00,756.1136092355732
2012-08-28 18:00:00,757.7616783989617
2012-08-28 19:00:00,586.156924624393
2012-08-28 20:00:00,396.66014104916127
2012-08-28 21:00:00,319.34087258406913
2012-08-28 22:00:00,227.11413567623885
2012-08-28 23:00:00,137.72160094023732
2012-08-29 00:00:00,49.4702081268118
2012-08-29 01:00:00,19.74624819646968
2012-08-29 02:00:00,10.00615071417186
2012-08-29 03:00:00,7.488786512107662
2012-08-29 04:00:00,7.139055604770267
2012-08-29 05:00:00,38.225657586160224
2012-08-29 06:00:00,180.35948855831413
2012-08-29 07:00:00,464.0115627069902
2012-08-29 08:00:00,720.3564568249059
2012-08-29 09:00:00,400.1145702061885
2012-08-29 10:00:00,252.78438545252914
2012-08-29 11:00:00,260.1252677729422
2012-08-29 12:00:00,308.12268244969056
2012-08-29 13:00:00,312.69888289779817
2012-08-29 14:00:00,308.12268244969056
2012-08-29 15:00:00,311.6547820426191
2012-08-29 16:00:00,450.700271525014
2012-08-29 17:00:00,766.8243451580022
2012-08-29 18:00:00,794.8279020593167
2012-08-29 19:00:00,537.7077259037818
2012-08-29 20:00:00,367.5695806141491
2012-08-29 21:00:00,307.1206078876673
2012-08-29 22:00:00,228.33612361595178
2012-08-29 23:00:00,141.72551355577562
2012-08-30 00:00:00,53.64831238919223
2012-08-30 01:00:00,23.537979076101674
2012-08-30 02:00:00,11.000999335625842
2012-08-30 03:00:00,7.6029726300786145
2012-08-30 04:00:00,7.545531864563831
2012-08-30 05:00:00,38.84139568278222
2012-08-30 06:00:00,169.30435818204518
2012-08-30 07:00:00,441.2449520826037
2012-08-30 08:00:00,723.3472109753708
2012-08-30 09:00:00,400.2348586145184
2012-08-30 10:00:00,240.9592995880435
2012-08-30 11:00:00,264.62738016359526
2012-08-30 12:00:00,312.08361141042514
2012-08-30 13:00:00,311.2998928902335
2012-08-30 14:00:00,311.2998928902335
2012-08-30 15:00:00,301.19699789265667
2012-08-30 16:00:00,439.1406669826226
2012-08-30 17:00:00,775.369783297858
2012-08-30 18:00:00,770.8753909681649
2012-08-30 19:00:00,598.3368454681681
2012-08-30 20:00:00,403.9281864394896
2012-08-30 21:00:00,288.1905543734883
2012-08-30 22:00:00,205.6410454695366
2012-08-30 23:00:00,149.9855164940773
2012-08-31 00:00:00,68.9865529987155
2012-08-31 01:00:00,31.79864478497413
2012-08-31 02:00:00,15.0716556480379
2012-08-31 03:00:00,8.611541982418677
2012-08-31 04:00:00,7.427643567937906
2012-08-31 05:00:00,33.89247207732237
2012-08-31 06:00:00,158.36711333621045
2012-08-31 07:00:00,363.93607940164816
2012-08-31 08:00:00,662.2064300423588
2012-08-31 09:00:00,398.5609392168918
2012-08-31 10:00:00,268.2875555217864
2012-08-31 11:00:00,296.2716030637742
2012-08-31 12:00:00,346.40524833364657
2012-08-31 13:00:00,336.77945313345907
2012-08-31 14:00:00,329.3124191378494
2012-08-31 15:00:00,321.54822113053984
2012-08-31 16:00:00,414.0786778503674
2012-08-31 17:00:00,683.9107156038148
2012-08-31 18:00:00,696.175962476279
2012-08-31 19:00:00,539.1740019864982
2012-08-31 20:00:00,394.7544064657939
2012-08-31 21:00:00,321.49704995641383
2012-08-31 22:00:00,252.39143591848483
2012-08-31 23:00:00,194.81506993282315
2012-09-20 00:00:00,53.38962951042489
2012-09-20 01:00:00,19.47793652826229
2012-09-20 02:00:00,10.609956390317238
2012-09-20 03:00:00,6.912723602389423
2012-09-20 04:00:00,6.85989152671374
2012-09-20 05:00:00,35.52040182357505
2012-09-20 06:00:00,164.4949799601051
2012-09-20 07:00:00,382.5840761217254
2012-09-20 08:00:00,669.4210648598046
2012-09-20 09:00:00,429.35187994158343
2012-09-20 10:00:00,244.27457371951564
2012-09-20 11:00:00,281.14944362502064
2012-09-20 12:00:00,325.78459563163216
2012-09-20 13:00:00,323.91112256191695
2012-09-20 14:00:00,324.2785177087146
2012-09-20 15:00:00,324.2785177087146
2012-09-20 16:00:00,463.7797347538714
2012-09-20 17:00:00,734.562585615918
2012-09-20 18:00:00,724.4838183160585
2012-09-20 19:00:00,519.8326314219343
2012-09-20 20:00:00,374.19067197670455
2012-09-20 21:00:00,301.25263212278816
2012-09-20 22:00:00,187.50474436627405
2012-09-20 23:00:00,138.47463199092633
2012-09-21 00:00:00,68.62151904401128
2012-09-21 01:00:00,31.768153545179942
2012-09-21 02:00:00,16.443181087021184
2012-09-21 03:00:00,9.083673882904325
2012-09-21 04:00:00,7.841620782168935
2012-09-21 05:00:00,34.934574521610976
2012-09-21 06:00:00,176.92564963147245
2012-09-21 07:00:00,406.1099213725985
2012-09-21 08:00:00,666.2562451563246
2012-09-21 09:00:00,357.9045733688539
2012-09-21 10:00:00,303.9048476208451
2012-09-21 11:00:00,319.6757730902259
2012-09-21 12:00:00,357.7906738940645
2012-09-21 13:00:00,373.414969638411
2012-09-21 14:00:00,371.4023930225871
2012-09-21 15:00:00,372.68755185233874
2012-09-21 16:00:00,479.3212619608736
2012-09-21 17:00:00,690.633558773129
2012-09-21 18:00:00,676.5825240233679
2012-09-21 19:00:00,541.6831203868927
2012-09-21 20:00:00,348.4201040132261
2012-09-21 21:00:00,249.87543649732444
2012-09-21 22:00:00,193.56957571593526
2012-09-21 23:00:00,141.14477794337586
2012-09-22 00:00:00,131.89016211326688
2012-09-22 01:00:00,97.20369551880191
2012-09-22 02:00:00,63.82615401165431
2012-09-22 03:00:00,30.134312086385933
2012-09-22 04:00:00,12.18549108143968
2012-09-22 05:00:00,12.209849026760114
2012-09-22 06:00:00,24.725881642487966
2012-09-22 07:00:00,115.98086779551507
2012-09-22 08:00:00,179.01947673013285
2012-09-22 09:00:00,285.0063990080129
2012-09-22 10:00:00,410.7660806935398
2012-09-22 11:00:00,445.747683312384
2012-09-22 12:00:00,530.6387757448811
2012-09-22 13:00:00,540.8279800338676
2012-09-22 14:00:00,562.5631293422396
2012-09-22 15:00:00,563.3129535876385
2012-09-22 16:00:00,601.9249723630485
2012-09-22 17:00:00,593.7542082425928
2012-09-22 18:00:00,547.3318411635236
2012-09-22 19:00:00,483.48913320611734
2012-09-22 20:00:00,424.6392855670186
2012-09-22 21:00:00,337.3041730829277
2012-09-22 22:00:00,265.82202886307675
2012-09-22 23:00:00,194.27730356056153
2012-09-23 00:00:00,198.62466635103536
2012-09-23 01:00:00,131.7878924219321
2012-09-23 02:00:00,87.29721055618758
2012-09-23 03:00:00,43.874263558027366
2012-09-23 04:00:00,15.967615019746447
2012-09-23 05:00:00,12.850068215091554
2012-09-23 06:00:00,19.765008676923173
2012-09-23 07:00:00,93.72793558297832
2012-09-23 08:00:00,157.0816846094082
2012-09-23 09:00:00,281.14533564981156
2012-09-23 10:00:00,416.6209395002795
2012-09-23 11:00:00,478.57458084430664
2012-09-23 12:00:00,559.0366425839377
2012-09-23 13:00:00,632.1363087913966
2012-09-23 14:00:00,627.9226099489905
2012-09-23 15:00:00,624.537981349762
2012-09-23 16:00:00,644.0269786157511
2012-09-23 17:00:00,518.6072439211558
2012-09-23 18:00:00,425.50680564442985
2012-09-23 19:00:00,339.0251241513006
2012-09-23 20:00:00,269.04274666018455
2012-09-23 21:00:00,211.51376710970325
2012-09-23 22:00:00,172.0822499861378
2012-09-23 23:00:00,105.55688176608113
2012-09-24 00:00:00,44.130399212477116
2012-09-24 01:00:00,15.271970398329064
2012-09-24 02:00:00,9.978442746607648
2012-09-24 03:00:00,7.370521297196646
2012-09-24 04:00:00,6.540386708827442
2012-09-24 05:00:00,40.1796814818546
2012-09-24 06:00:00,198.17346612933054
2012-09-24 07:00:00,388.9687258121315
2012-09-24 08:00:00,769.9627881824113
2012-09-24 09:00:00,391.66936617496594
2012-09-24 10:00:00,223.43676257543603
2012-09-24 11:00:00,247.15838614705308
2012-09-24 12:00:00,275.97071099643716
2012-09-24 13:00:00,311.1886806702646
2012-09-24 14:00:00,311.712026631485
2012-09-24 15:00:00,311.712026631485
2012-09-24 16:00:00,396.11937878739826
2012-09-24 17:00:00,690.4179281102993
2012-09-24 18:00:00,655.8170991482749
2012-09-24 19:00:00,494.8444278331491
2012-09-24 20:00:00,361.4105217178182
2012-09-24 21:00:00,284.6355189849046
2012-09-24 22:00:00,205.75069373566234
2012-09-24 23:00:00,121.54970189804493
2012-09-25 00:00:00,38.752834621430736
2012-09-25 01:00:00,16.382102586168426
2012-09-25 02:00:00,8.390290931994594
2012-09-25 03:00:00,6.556412578768227
2012-09-25 04:00:00,6.969398878475606
2012-09-25 05:00:00,36.030341152371236
2012-09-25 06:00:00,168.4825101324263
2012-09-25 07:00:00,390.3637421929659
2012-09-25 08:00:00,667.5770196061417
2012-09-25 09:00:00,407.9974355337793
2012-09-25 10:00:00,238.86289999269314
2012-09-25 11:00:00,269.747748952496
2012-09-25 12:00:00,311.53997559020013
2012-09-25 13:00:00,310.0400012539513
2012-09-25 14:00:00,311.53997559020013
2012-09-25 15:00:00,311.53997559020013
2012-09-25 16:00:00,445.57729677549037
2012-09-25 17:00:00,774.2675932926032
2012-09-25 18:00:00,773.585313210668
2012-09-25 19:00:00,539.9311475366684
2012-09-25 20:00:00,401.4339712526395
2012-09-25 21:00:00,323.18650048360064
2012-09-25 22:00:00,240.13111004178532
2012-09-25 23:00:00,146.12123685022388
2012-09-26 00:00:00,52.53745640025427
2012-09-26 01:00:00,20.879273957502814
2012-09-26 02:00:00,11.233855653453395
2012-09-26 03:00:00,8.21899295043706
2012-09-26 04:00:00,7.689471768117256
2012-09-26 05:00:00,40.7291584427463
2012-09-26 06:00:00,192.6242031303994
2012-09-26 07:00:00,421.57711987930514
2012-09-26 08:00:00,659.4592952698673
2012-09-26 09:00:00,455.71256134526203
2012-09-26 10:00:00,216.92502567569497
2012-09-26 11:00:00,276.19859374980837
2012-09-26 12:00:00,310.57024595982426
2012-09-26 13:00:00,310.26877572275987
2012-09-26 14:00:00,314.1105700058514
2012-09-26 15:00:00,314.1105700058514
2012-09-26 16:00:00,452.371276653506
2012-09-26 17:00:00,784.0918924812919
2012-09-26 18:00:00,784.4094008104823
2012-09-26 19:00:00,585.1754826979353
2012-09-26 20:00:00,364.42582739522464
2012-09-26 21:00:00,342.9011273640451
2012-09-26 22:00:00,169.6810668030545
2012-09-26 23:00:00,113.51673085685088
2012-09-27 00:00:00,50.51391800440988
2012-09-27 01:00:00,20.332963174234795
2012-09-27 02:00:00,11.094713341223839
2012-09-27 03:00:00,7.729704918162598
2012-09-27 04:00:00,6.542459273951589
2012-09-27 05:00:00,38.20143693725069
2012-09-27 06:00:00,172.0254606357358
2012-09-27 07:00:00,423.5439656859059
2012-09-27 08:00:00,733.8596303120651
2012-09-27 09:00:00,454.6098979796507
2012-09-27 10:00:00,262.1252117378359
2012-09-27 11:00:00,266.227293049435
2012-09-27 12:00:00,313.34050596676076
2012-09-27 13:00:00,313.34050596676076
2012-09-27 14:00:00,308.15549326888794
2012-09-27 15:00:00,308.15549326888794
2012-09-27 16:00:00,430.5844708505721
2012-09-27 17:00:00,587.7975880487671
2012-09-27 18:00:00,599.6569532425647
2012-09-27 19:00:00,575.32429540827
2012-09-27 20:00:00,353.251206373955
2012-09-27 21:00:00,148.7401375225688
2012-09-27 22:00:00,113.91037498932596
2012-09-27 23:00:00,99.06651379346248
2012-09-28 00:00:00,49.63887084517592
2012-09-28 01:00:00,23.958203084951936
2012-09-28 02:00:00,11.293543332926403
2012-09-28 03:00:00,9.084912694001908
2012-09-28 04:00:00,6.05058607053726
2012-09-28 05:00:00,35.16503290114533
2012-09-28 06:00:00,146.30082362883195
2012-09-28 07:00:00,334.0427938586074
2012-09-28 08:00:00,641.0751666019736
2012-09-28 09:00:00,337.5402884602979
2012-09-28 10:00:00,231.76924935807497
2012-09-28 11:00:00,275.5583739130483
2012-09-28 12:00:00,360.9633206798568
2012-09-28 13:00:00,364.6181834030675
2012-09-28 14:00:00,360.9633206798568
2012-09-28 15:00:00,357.53946733708494
2012-09-28 16:00:00,461.2115271690268
2012-09-28 17:00:00,704.6384636640557
2012-09-28 18:00:00,700.5327092163096
2012-09-28 19:00:00,455.57774370594524
2012-09-28 20:00:00,348.6471239812017
2012-09-28 21:00:00,283.3153049779548
2012-09-28 22:00:00,236.32266069208762
2012-09-28 23:00:00,180.22699016306106
2012-09-29 00:00:00,163.07996821933727
2012-09-29 01:00:00,129.6947468763369
2012-09-29 02:00:00,81.97920958213817
2012-09-29 03:00:00,37.18014031142076
2012-09-29 04:00:00,15.80447779887464
2012-09-29 05:00:00,15.52072928625391
2012-09-29 06:00:00,32.24874512932395
2012-09-29 07:00:00,125.84593467179785
2012-09-29 08:00:00,192.08793290465402
2012-09-29 09:00:00,301.52606845327057
2012-09-29 10:00:00,383.78681701948943
2012-09-29 11:00:00,421.3607145972453
2012-09-29 12:00:00,564.7639737445747
2012-09-29 13:00:00,564.7639737445747
2012-09-29 14:00:00,567.5754312829049
2012-09-29 15:00:00,567.5754312829049
2012-09-29 16:00:00,624.1659351593875
2012-09-29 17:00:00,617.706454785236
2012-09-29 18:00:00,514.555018448272
2012-09-29 19:00:00,452.09064008188693
2012-09-29 20:00:00,387.6942636082367
2012-09-29 21:00:00,322.11742642681753
2012-09-29 22:00:00,217.08676666543332
2012-09-29 23:00:00,176.51312187745174
2012-09-30 00:00:00,165.68928641606047
2012-09-30 01:00:00,136.24149874644775
2012-09-30 02:00:00,86.26981923459996
2012-09-30 03:00:00,34.537431962630926
2012-09-30 04:00:00,13.24663556676655
2012-09-30 05:00:00,12.003744732453784
2012-09-30 06:00:00,18.401322297119645
2012-09-30 07:00:00,75.89131725262762
2012-09-30 08:00:00,126.97703944161672
2012-09-30 09:00:00,278.5206876947171
2012-09-30 10:00:00,443.86514337282955
2012-09-30 11:00:00,534.570551826085
2012-09-30 12:00:00,621.4448588256153
2012-09-30 13:00:00,624.537981349762
2012-09-30 14:00:00,624.537981349762
2012-09-30 15:00:00,624.537981349762
2012-09-30 16:00:00,647.232318732148
2012-09-30 17:00:00,586.4297990924823
2012-09-30 18:00:00,393.79918560043393
2012-09-30 19:00:00,195.12986277892617
2012-09-30 20:00:00,163.1740324088895
2012-09-30 21:00:00,184.45611874651405
2012-09-30 22:00:00,137.48532637919539
2012-09-30 23:00:00,95.33958928790861
2012-10-20 00:00:00,134.41749966877708
2012-10-20 01:00:00,115.27389086871716
2012-10-20 02:00:00,67.60066095283824
2012-10-20 03:00:00,32.12370809210263
2012-10-20 04:00:00,14.156344867801526
2012-10-20 05:00:00,12.48981941054564
2012-10-20 06:00:00,25.922023896926266
2012-10-20 07:00:00,102.67732275882345
2012-10-20 08:00:00,177.2424871500502
2012-10-20 09:00:00,307.2917743618958
2012-10-20 10:00:00,389.9571095173533
2012-10-20 11:00:00,415.24022772379936
2012-10-20 12:00:00,509.6258702276783
2012-10-20 13:00:00,512.57019484491
2012-10-20 14:00:00,512.57019484491
2012-10-20 15:00:00,512.57019484491
2012-10-20 16:00:00,531.8975533793977
2012-10-20 17:00:00,531.5124839051502
2012-10-20 18:00:00,495.11337671396825
2012-10-20 19:00:00,384.1428046137116
2012-10-20 20:00:00,314.5190925583468
2012-10-20 21:00:00,233.0439162489772
2012-10-20 22:00:00,191.29815464533993
2012-10-20 23:00:00,161.5784841199161
2012-10-21 00:00:00,158.74041877209936
2012-10-21 01:00:00,127.04354825172715
2012-10-21 02:00:00,81.57868813515728
2012-10-21 03:00:00,32.37221679075802
2012-10-21 04:00:00,12.41368928458463
2012-10-21 05:00:00,10.263901882994421
2012-10-21 06:00:00,18.8735904349263
2012-10-21 07:00:00,82.81987444278919
2012-10-21 08:00:00,117.64556598845532
2012-10-21 09:00:00,279.8419197725014
2012-10-21 10:00:00,414.7998561387423
2012-10-21 11:00:00,456.83001958244773
2012-10-21 12:00:00,532.2146891883797
2012-10-21 13:00:00,557.0102632397032
2012-10-21 14:00:00,560.0295163497204
2012-10-21 15:00:00,554.2510477078063
2012-10-21 16:00:00,554.3054048944466
2012-10-21 17:00:00,501.1940554456081
2012-10-21 18:00:00,430.8914397119056
2012-10-21 19:00:00,314.1873081632409
2012-10-21 20:00:00,237.13848450615168
2012-10-21 21:00:00,180.9848578785196
2012-10-21 22:00:00,145.34813249590835
2012-10-21 23:00:00,100.97104009588958
2012-10-22 00:00:00,42.76275709286376
2012-10-22 01:00:00,14.80923294664621
2012-10-22 02:00:00,8.290017887752294
2012-10-22 03:00:00,7.308429886362871
2012-10-22 04:00:00,6.172209303493152
2012-10-22 05:00:00,35.594902890187704
2012-10-22 06:00:00,152.062215669091
2012-10-22 07:00:00,364.903947916992
2012-10-22 08:00:00,625.0385142935138
2012-10-22 09:00:00,398.2293856304298
2012-10-22 10:00:00,249.87643878630317
2012-10-22 11:00:00,249.0142989977577
2012-10-22 12:00:00,281.9693261311356
2012-10-22 13:00:00,319.649413382398
2012-10-22 14:00:00,317.3836476383437
2012-10-22 15:00:00,319.649413382398
2012-10-22 16:00:00,456.37704054136367
2012-10-22 17:00:00,781.1531721045743
2012-10-22 18:00:00,638.2469794007347
2012-10-22 19:00:00,515.8943463131616
2012-10-22 20:00:00,365.5815513724467
2012-10-22 21:00:00,244.20934446456445
2012-10-22 22:00:00,164.39445558634372
2012-10-22 23:00:00,101.2074829085448
2012-10-23 00:00:00,36.31784681772429
2012-10-23 01:00:00,15.594362320956986
2012-10-23 02:00:00,7.988000811239402
2012-10-23 03:00:00,6.526438610777976
2012-10-23 04:00:00,6.7659725904233206
2012-10-23 05:00:00,36.79701788127304
2012-10-23 06:00:00,159.86889225053963
2012-10-23 07:00:00,389.7583020249103
2012-10-23 08:00:00,669.990311676134
2012-10-23 09:00:00,365.1072834732043
2012-10-23 10:00:00,245.74488665480874
2012-10-23 11:00:00,255.9452395801925
2012-10-23 12:00:00,312.7234543837864
2012-10-23 13:00:00,312.7234543837864
2012-10-23 14:00:00,320.010228866674
2012-10-23 15:00:00,317.14756871065885
2012-10-23 16:00:00,449.40871531799814
2012-10-23 17:00:00,782.0333015038269
2012-10-23 18:00:00,723.1378018294556
2012-10-23 19:00:00,560.5049688624708
2012-10-23 20:00:00,377.51527551963983
2012-10-23 21:00:00,261.71538126262874
2012-10-23 22:00:00,195.12051913293746
2012-10-23 23:00:00,124.5439264548427
2012-10-24 00:00:00,49.20566403651024
2012-10-24 01:00:00,19.09838841446979
2012-10-24 02:00:00,10.394771767439028
2012-10-24 03:00:00,7.618792780875626
2012-10-24 04:00:00,7.618792780875626
2012-10-24 05:00:00,37.781140237642795
2012-10-24 06:00:00,178.30426644239876
2012-10-24 07:00:00,387.4774363314028
2012-10-24 08:00:00,636.3381064500737
2012-10-24 09:00:00,351.57137625897616
2012-10-24 10:00:00,217.70309528735345
2012-10-24 11:00:00,257.1974404489955
2012-10-24 12:00:00,312.3057881554093
2012-10-24 13:00:00,311.36883157724503
2012-10-24 14:00:00,321.036288369778
2012-10-24 15:00:00,322.69066855851463
2012-10-24 16:00:00,459.0413397777961
2012-10-24 17:00:00,790.5257405229959
2012-10-24 18:00:00,792.5120792832028
2012-10-24 19:00:00,571.0946031280939
2012-10-24 20:00:00,410.64655673812416
2012-10-24 21:00:00,329.13837995580224
2012-10-24 22:00:00,244.14653945288003
2012-10-24 23:00:00,127.79930870975616
2012-10-25 00:00:00,63.54757669595318
2012-10-25 01:00:00,21.000729320094862
2012-10-25 02:00:00,11.127756948502263
2012-10-25 03:00:00,6.70821158438626
2012-10-25 04:00:00,6.656745004961256
2012-10-25 05:00:00,34.32489932271507
2012-10-25 06:00:00,160.7646802826217
2012-10-25 07:00:00,366.94153009016566
2012-10-25 08:00:00,638.7886467261968
2012-10-25 09:00:00,335.26346099196945
2012-10-25 10:00:00,198.93302036109785
2012-10-25 11:00:00,203.7303123645581
2012-10-25 12:00:00,229.214914081102
2012-10-25 13:00:00,229.214914081102
2012-10-25 14:00:00,245.10042438843485
2012-10-25 15:00:00,318.04852483768326
2012-10-25 16:00:00,351.0757145737822
2012-10-25 17:00:00,562.2684058234815
2012-10-25 18:00:00,500.5526306154885
2012-10-25 19:00:00,397.6277495057418
2012-10-25 20:00:00,269.05167960380885
2012-10-25 21:00:00,215.58003097414925
2012-10-25 22:00:00,177.92224432826046
2012-10-25 23:00:00,130.22146337037876
2012-10-26 00:00:00,66.12910671641988
2012-10-26 01:00:00,28.13527656238436
2012-10-26 02:00:00,14.509323843877977
2012-10-26 03:00:00,8.27008259537918
2012-10-26 04:00:00,7.128243324755356
2012-10-26 05:00:00,33.231285081165545
2012-10-26 06:00:00,163.61412776489237
2012-10-26 07:00:00,373.422735163526
2012-10-26 08:00:00,585.7565073131832
2012-10-26 09:00:00,312.2059990171213
2012-10-26 10:00:00,206.01610273424578
2012-10-26 11:00:00,244.08462683919115
2012-10-26 12:00:00,274.8766053169163
2012-10-26 13:00:00,281.72529256535887
2012-10-26 14:00:00,355.6545552891111
2012-10-26 15:00:00,355.6545552891111
2012-10-26 16:00:00,355.5361831934761
2012-10-26 17:00:00,493.9836100894311
2012-10-26 18:00:00,491.90296312554966
2012-10-26 19:00:00,375.72657802818355
2012-10-26 20:00:00,280.5776809563744
2012-10-26 21:00:00,242.61026981327115
2012-10-26 22:00:00,184.78283218389012
2012-10-26 23:00:00,145.74379238453793
2012-10-27 00:00:00,130.82676994067486
2012-10-27 01:00:00,98.84230832970829
2012-10-27 02:00:00,61.459260697062355
2012-10-27 03:00:00,31.81945956437376
2012-10-27 04:00:00,12.186272087601012
2012-10-27 05:00:00,12.946799842046426
2012-10-27 06:00:00,25.73560212664588
2012-10-27 07:00:00,114.55007351829782
2012-10-27 08:00:00,181.34878912674174
2012-10-27 09:00:00,249.29379642955354
2012-10-27 10:00:00,327.04724829859765
2012-10-27 11:00:00,411.6110594638638
2012-10-27 12:00:00,529.1081634279328
2012-10-27 13:00:00,574.2238420848565
2012-10-27 14:00:00,570.926053903865
2012-10-27 15:00:00,454.6091687034077
2012-10-27 16:00:00,498.46701124919593
2012-10-27 17:00:00,481.6278408474719
2012-10-27 18:00:00,455.00711952478355
2012-10-27 19:00:00,351.6381532359973
2012-10-27 20:00:00,309.05724767760717
2012-10-27 21:00:00,256.7578523335674
2012-10-27 22:00:00,199.23937917452295
2012-10-27 23:00:00,148.322363754966
2012-10-28 00:00:00,118.82052256580721
2012-10-28 01:00:00,111.74873960832905
2012-10-28 02:00:00,71.4192580068858
2012-10-28 03:00:00,39.52269306355819
2012-10-28 04:00:00,15.245181724653573
2012-10-28 05:00:00,12.630454772428962
2012-10-28 06:00:00,21.877497272477992
2012-10-28 07:00:00,99.12605835147066
2012-10-28 08:00:00,140.55177444883225
2012-10-28 09:00:00,281.1605370240456
2012-10-28 10:00:00,405.57221455322593
2012-10-28 11:00:00,433.27182116259655
2012-10-28 12:00:00,462.5914926588029
2012-10-28 13:00:00,465.16278724862167
2012-10-28 14:00:00,463.1380602728645
2012-10-28 15:00:00,458.7331628609734
2012-10-28 16:00:00,273.42017997666426
2012-10-28 17:00:00,218.69167561921736
2012-10-28 18:00:00,120.2685585242994
2012-10-28 19:00:00,108.77911974464868
2012-10-28 20:00:00,83.23181702103084
2012-10-28 21:00:00,74.42333100587352
2012-10-28 22:00:00,63.40396222500986
2012-10-28 23:00:00,45.417416138392205
2012-10-29 00:00:00,24.568382703509748
2012-10-30 13:00:00,92.51873911747406
2012-10-30 14:00:00,92.51873911747406
2012-10-30 15:00:00,93.39502332486624
2012-10-30 16:00:00,133.2199542754718
2012-10-30 17:00:00,229.62365599628666
2012-10-30 18:00:00,250.43343110701824
2012-10-30 19:00:00,440.394111571038
2012-10-30 20:00:00,204.16065522815674
2012-10-30 21:00:00,145.57371674223293
2012-10-30 22:00:00,130.43050347652942
2012-10-30 23:00:00,85.49924219384124
2012-10-31 00:00:00,33.95353245558321
2012-10-31 01:00:00,13.793756971293174
2012-10-31 02:00:00,7.415531721419537
2012-10-31 03:00:00,5.847172034611456
2012-10-31 04:00:00,5.438100697944101
2012-10-31 05:00:00,30.76335911083896
2012-10-31 06:00:00,143.19254468342783
2012-10-31 07:00:00,313.1039430581565
2012-10-31 08:00:00,576.8179242390737
2012-10-31 09:00:00,302.6976082205953
2012-10-31 10:00:00,177.07122207221207
2012-10-31 11:00:00,180.5556534585753
2012-10-31 12:00:00,261.0441501657087
2012-10-31 13:00:00,247.3925493535887
2012-10-31 14:00:00,244.82281975132838
2012-10-31 15:00:00,267.6664603522389
2012-10-31 16:00:00,360.25157558792085
2012-10-31 17:00:00,593.254098550011
2012-10-31 18:00:00,593.254098550011
2012-10-31 19:00:00,427.7600102336027
2012-10-31 20:00:00,283.70442519485306
2012-10-31 21:00:00,217.4051766924432
2012-10-31 22:00:00,178.6484708476502
2012-10-31 23:00:00,116.65353076214515
2012-11-20 00:00:00,34.74212959852752
2012-11-20 01:00:00,13.020071825100816
2012-11-20 02:00:00,7.84211454133251
2012-11-20 03:00:00,6.245393408315635
2012-11-20 04:00:00,6.137810118252226
2012-11-20 05:00:00,33.37039315237366
2012-11-20 06:00:00,162.2615407352591
2012-11-20 07:00:00,362.14130512774665
2012-11-20 08:00:00,612.8918302519335
2012-11-20 09:00:00,337.2732586967019
2012-11-20 10:00:00,194.68976008779117
2012-11-20 11:00:00,208.72700980458615
2012-11-20 12:00:00,225.27490596366724
2012-11-20 13:00:00,263.0024292428715
2012-11-20 14:00:00,263.0024292428715
2012-11-20 15:00:00,267.15084138699586
2012-11-20 16:00:00,358.6702672932709
2012-11-20 17:00:00,495.0995934680032
2012-11-20 18:00:00,492.5567960128805
2012-11-20 19:00:00,397.7339520299997
2012-11-20 20:00:00,261.49757706314756
2012-11-20 21:00:00,185.62815734896625
2012-11-20 22:00:00,151.89919151576052
2012-11-20 23:00:00,94.62058605956737
2012-11-21 00:00:00,39.40545423589082
2012-11-21 01:00:00,15.661108803299012
2012-11-21 02:00:00,7.277876134898255
2012-11-21 03:00:00,5.735170617037616
2012-11-21 04:00:00,5.735170617037616
2012-11-21 05:00:00,30.36948772420993
2012-11-21 06:00:00,140.40267521839147
2012-11-21 07:00:00,306.52153524932737
2012-11-21 08:00:00,542.2890846931772
2012-11-21 09:00:00,317.2965079580631
2012-11-21 10:00:00,219.33586625919594
2012-11-21 11:00:00,220.42109023553115
2012-11-21 12:00:00,259.0165134077425
2012-11-21 13:00:00,258.1062547410182
2012-11-21 14:00:00,261.37439556573537
2012-11-21 15:00:00,263.2415734877154
2012-11-21 16:00:00,359.3936743225498
2012-11-21 17:00:00,605.7749047337263
2012-11-21 18:00:00,622.0019403428872
2012-11-21 19:00:00,444.3889981124556
2012-11-21 20:00:00,297.85498114665427
2012-11-21 21:00:00,206.64879833471093
2012-11-21 22:00:00,165.91152058382661
2012-11-21 23:00:00,116.9393197199917
2012-11-22 00:00:00,61.835084674709734
2012-11-22 01:00:00,35.24781689037909
2012-11-22 02:00:00,18.85763182153935
2012-11-22 03:00:00,10.890924191444771
2012-11-22 04:00:00,8.2099330153341
2012-11-22 05:00:00,15.709568860672043
2012-11-22 06:00:00,27.41053331162543
2012-11-22 07:00:00,118.05182404243001
2012-11-22 08:00:00,179.78483711452634
2012-11-22 09:00:00,219.34181223921624
2012-11-22 10:00:00,284.4250957071273
2012-11-22 11:00:00,301.9693747387153
2012-11-22 12:00:00,347.35681091855065
2012-11-22 13:00:00,351.029288789346
2012-11-22 14:00:00,362.72690580409335
2012-11-22 15:00:00,362.72690580409335
2012-11-22 16:00:00,417.2381194035955
2012-11-22 17:00:00,497.61741265042923
2012-11-22 18:00:00,482.68221568766825
2012-11-22 19:00:00,299.84627248919287
2012-11-22 20:00:00,236.96105366137473
2012-11-22 21:00:00,208.75805605116696
2012-11-22 22:00:00,169.48704389139874
2012-11-22 23:00:00,103.68113607568492
2012-11-23 00:00:00,50.80146808716428
2012-11-23 01:00:00,25.059504299439393
2012-11-23 02:00:00,11.829545221310617
2012-11-23 03:00:00,6.788568853763052
2012-11-23 04:00:00,5.788434997617309
2012-11-23 05:00:00,27.980898469362412
2012-11-23 06:00:00,133.59169027702873
2012-11-23 07:00:00,308.2061532760352
2012-11-23 08:00:00,509.2121209232497
2012-11-23 09:00:00,284.1060696956893
2012-11-23 10:00:00,241.64764275272393
2012-11-23 11:00:00,265.80208953084235
2012-11-23 12:00:00,311.8061268260036
2012-11-23 13:00:00,318.14523364812516
2012-11-23 14:00:00,333.8239377101294
2012-11-23 15:00:00,330.75810461163513
2012-11-23 16:00:00,421.07578499422027
2012-11-23 17:00:00,651.9481215161054
2012-11-23 18:00:00,590.4601067385709
2012-11-23 19:00:00,439.254568895535
2012-11-23 20:00:00,319.88482490002156
2012-11-23 21:00:00,252.66293383406568
2012-11-23 22:00:00,185.76942632738965
2012-11-23 23:00:00,142.4685133129568
2012-11-24 00:00:00,148.9411489938619
2012-11-24 01:00:00,101.60300727110489
2012-11-24 02:00:00,63.03721471412422
2012-11-24 03:00:00,24.857073555979724
2012-11-24 04:00:00,9.89341569259664
2012-11-24 05:00:00,9.520299378445346
2012-11-24 06:00:00,17.076715851857077
2012-11-24 07:00:00,95.70139139966665
2012-11-24 08:00:00,114.75103926835865
2012-11-24 09:00:00,170.47262971357762
2012-11-24 10:00:00,204.16926123972908
2012-11-24 11:00:00,255.18824495746787
2012-11-24 12:00:00,306.9948281583855
2012-11-24 13:00:00,380.84431491291065
2012-11-24 14:00:00,357.48476359051153
2012-11-24 15:00:00,307.8118897569214
2012-11-24 16:00:00,302.9496125815396
2012-11-24 17:00:00,269.7976737757405
2012-11-24 18:00:00,251.2613901053796
2012-11-24 19:00:00,199.7850898665902
2012-11-24 20:00:00,146.8081714138433
2012-11-24 21:00:00,112.42403484116086
2012-11-24 22:00:00,94.89118715256419
2012-11-24 23:00:00,79.84268493218248
2012-11-25 00:00:00,88.99342084523398
2012-11-25 01:00:00,75.13396935514321
2012-11-25 02:00:00,46.01841562606074
2012-11-25 03:00:00,23.544717554855676
2012-11-25 04:00:00,9.331559056627102
2012-11-25 05:00:00,7.506230028816697
2012-11-25 06:00:00,11.636252697625148
2012-11-25 07:00:00,51.19638432007669
2012-11-25 08:00:00,78.9579266868906
2012-11-25 09:00:00,150.41576156316287
2012-11-25 10:00:00,223.75159294524016
2012-11-25 11:00:00,262.5971706529436
2012-11-25 12:00:00,293.02801041875074
2012-11-25 13:00:00,296.8773036339851
2012-11-25 14:00:00,347.3418325439699
2012-11-25 15:00:00,345.34239143858326
2012-11-25 16:00:00,347.0358504655679
2012-11-25 17:00:00,276.60778173357363
2012-11-25 18:00:00,198.35136714523208
2012-11-25 19:00:00,185.58790855174453
2012-11-25 20:00:00,129.85668716246914
2012-11-25 21:00:00,102.01845603317311
2012-11-25 22:00:00,83.84445021883175
2012-11-25 23:00:00,57.82675558140748
2012-11-26 00:00:00,27.400883469661753
2012-11-26 01:00:00,10.72750495328947
2012-11-26 02:00:00,5.916908617653092
2012-11-26 03:00:00,4.586031191446309
2012-11-26 04:00:00,4.891101354706896
2012-11-26 05:00:00,27.540615493366577
2012-11-26 06:00:00,125.93096476670338
2012-11-26 07:00:00,285.2972677133662
2012-11-26 08:00:00,482.15717929037066
2012-11-26 09:00:00,299.0773502509107
2012-11-26 10:00:00,196.6986637438595
2012-11-26 11:00:00,221.38994023860204
2012-11-26 12:00:00,256.8567007522132
2012-11-26 13:00:00,256.8567007522132
2012-11-26 14:00:00,256.8567007522132
2012-11-26 15:00:00,256.8567007522132
2012-11-26 16:00:00,353.09749725758746
2012-11-26 17:00:00,612.4107810199175
2012-11-26 18:00:00,545.4625837683462
2012-11-26 19:00:00,426.9795921231701
2012-11-26 20:00:00,274.3121501095638
2012-11-26 21:00:00,200.5784035488686
2012-11-26 22:00:00,170.30987869639614
2012-11-26 23:00:00,89.62075017772639
2012-11-27 00:00:00,34.47260220794121
2012-11-27 01:00:00,14.211226749801309
2012-11-27 02:00:00,7.955792290935289
2012-11-27 03:00:00,5.359296634670708
2012-11-27 04:00:00,4.595637557410537
2012-11-27 05:00:00,31.589169736944086
2012-11-27 06:00:00,145.79541801249889
2012-11-27 07:00:00,188.69063255606906
2012-11-27 08:00:00,319.3935823961857
2012-11-27 09:00:00,315.8682792006451
2012-11-27 10:00:00,103.18763264391825
2012-11-27 11:00:00,82.14945772493172
2012-11-27 12:00:00,81.24819025347018
2012-11-27 13:00:00,90.21406998229301
2012-11-27 14:00:00,80.74947066317114
2012-11-27 15:00:00,167.23540698021938
2012-11-27 16:00:00,231.27576452177942
2012-11-27 17:00:00,375.9255652912104
2012-11-27 18:00:00,333.3717116372908
2012-11-27 19:00:00,276.86358884712234
2012-11-27 20:00:00,193.94946616158063
2012-11-27 21:00:00,138.34792221238953
2012-11-27 22:00:00,120.77056680745842
2012-11-27 23:00:00,75.55884379631871
2012-11-28 00:00:00,30.9746559737339
2012-11-28 01:00:00,12.463939337323868
2012-11-28 02:00:00,6.692171633260273
2012-11-28 03:00:00,5.09687430949779
2012-11-28 04:00:00,5.10746617668535
2012-11-28 05:00:00,27.61637240684164
2012-11-28 06:00:00,127.8917718487445
2012-11-28 07:00:00,291.4331313573154
2012-11-28 08:00:00,488.4790372850394
2012-11-28 09:00:00,266.28052426778174
2012-11-28 10:00:00,177.94994388620853
2012-11-28 11:00:00,206.78117142967187
2012-11-28 12:00:00,226.66970250737776
2012-11-28 13:00:00,231.65670537679696
2012-11-28 14:00:00,233.0890730430436
2012-11-28 15:00:00,233.0890730430436
2012-11-28 16:00:00,323.2331603034266
2012-11-28 17:00:00,556.9802791603641
2012-11-28 18:00:00,541.4604002276799
2012-11-28 19:00:00,407.32998648496357
2012-11-28 20:00:00,281.01799003378665
2012-11-28 21:00:00,182.51391197906682
2012-11-28 22:00:00,116.94819711933145
2012-11-28 23:00:00,71.28334572568363
2012-11-29 00:00:00,33.20190236073044
2012-11-29 01:00:00,12.881278494091347
2012-11-29 02:00:00,6.831759161567388
2012-11-29 04:00:00,5.319291208078803
2012-11-29 05:00:00,28.052052743825417
2012-11-29 06:00:00,127.73494785581474
2012-11-29 07:00:00,287.87881227542454
2012-11-29 08:00:00,512.4820218302124
2012-11-29 09:00:00,269.8019554778474
2012-11-29 10:00:00,153.4699330918602
2012-11-29 11:00:00,215.73125306859507
2012-11-29 12:00:00,242.04623677852405
2012-11-29 13:00:00,258.5852486869165
2012-11-29 14:00:00,239.23460952034412
2012-11-29 15:00:00,237.35300911052673
2012-11-29 16:00:00,328.41810125532425
2012-11-29 17:00:00,558.532419137135
2012-11-29 18:00:00,541.9783335494936
2012-11-29 19:00:00,335.9308526008949
2012-11-29 20:00:00,256.42374493958533
2012-11-29 21:00:00,142.48732713611085
2012-11-29 22:00:00,123.5572302871588
2012-11-29 23:00:00,106.99625702305318
2012-11-30 00:00:00,48.97968653194378
2012-11-30 01:00:00,22.26159546552968
2012-11-30 02:00:00,11.829545221310617
2012-11-30 03:00:00,6.816551778093727
2012-11-30 04:00:00,5.694803358343869
2012-11-30 05:00:00,27.240770963981927
2012-11-30 06:00:00,129.7709810048003
2012-11-30 07:00:00,302.11995486577734
2012-11-30 08:00:00,495.2285931793654
2012-11-30 09:00:00,265.5586060619094
2012-11-30 10:00:00,180.9561175435512
2012-11-30 11:00:00,251.00993938449275
2012-11-30 12:00:00,298.06783977734733
2012-11-30 13:00:00,300.70017790824954
2012-11-30 14:00:00,300.70017790824954
2012-11-30 15:00:00,308.27570509510485
2012-11-30 16:00:00,375.93199740071964
2012-11-30 17:00:00,521.5487817552738
2012-11-30 18:00:00,475.3640307559661
2012-11-30 19:00:00,300.0947522749961
2012-11-30 20:00:00,219.2260116107875
2012-11-30 21:00:00,160.51067111345054
2012-11-30 22:00:00,138.52351961667617
2012-11-30 23:00:00,106.26969080933308
2012-12-20 00:00:00,50.63278161709429
2012-12-20 01:00:00,16.081574771441446
2012-12-20 02:00:00,8.694344808293359
2012-12-20 03:00:00,6.050738354183943
2012-12-20 04:00:00,6.046172471112796
2012-12-20 05:00:00,32.11646891282834
2012-12-20 06:00:00,142.183450256589
2012-12-20 07:00:00,342.52497958107585
2012-12-20 08:00:00,574.0835453541879
2012-12-20 09:00:00,297.9262424188417
2012-12-20 10:00:00,181.5009241489531
2012-12-20 11:00:00,218.2142522556456
2012-12-20 12:00:00,245.65874386200707
2012-12-20 13:00:00,244.79251088221753
2012-12-20 14:00:00,243.5209281337308
2012-12-20 15:00:00,238.85965407125667
2012-12-20 16:00:00,320.6009324991413
2012-12-20 17:00:00,452.9758245173902
2012-12-20 18:00:00,450.0157579961314
2012-12-20 19:00:00,242.33206184606144
2012-12-20 20:00:00,167.89721012596982
2012-12-20 21:00:00,121.5977027535472
2012-12-20 22:00:00,84.88465317319627
2012-12-20 23:00:00,74.56386219379714
2012-12-21 00:00:00,32.46566067810486
2012-12-21 01:00:00,17.299242283447064
2012-12-21 02:00:00,8.2960783893481
2012-12-21 03:00:00,4.56836042946952
2012-12-21 04:00:00,6.101469310417165
2012-12-21 05:00:00,26.46473598747818
2012-12-21 06:00:00,131.7527378574547
2012-12-21 07:00:00,340.9483149332535
2012-12-21 08:00:00,585.8445856276742
2012-12-21 09:00:00,269.7036328616665
2012-12-21 10:00:00,186.7643704623302
2012-12-21 11:00:00,198.84139763770122
2012-12-21 12:00:00,219.16790965683643
2012-12-21 13:00:00,219.16790965683643
2012-12-21 14:00:00,219.45640684374303
2012-12-21 15:00:00,193.71576718142842
2012-12-21 16:00:00,243.99850687162285
2012-12-21 17:00:00,299.71677486648036
2012-12-21 18:00:00,286.92564490515787
2012-12-21 19:00:00,234.75899226706397
2012-12-21 20:00:00,171.2519975013545
2012-12-21 21:00:00,116.65617196241509
2012-12-21 22:00:00,98.39349733359623
2012-12-21 23:00:00,77.5828751946517
2012-12-22 00:00:00,76.28560437812541
2012-12-22 01:00:00,63.049183466255585
2012-12-22 02:00:00,40.31716180245238
2012-12-22 03:00:00,19.13546801289875
2012-12-22 04:00:00,8.29748703107598
2012-12-22 05:00:00,8.183048952492102
2012-12-22 06:00:00,16.071054561617885
2012-12-22 07:00:00,80.99323083715447
2012-12-22 08:00:00,107.40677995059863
2012-12-22 09:00:00,147.5435189359696
2012-12-22 10:00:00,187.49145262721902
2012-12-22 11:00:00,236.22105839569412
2012-12-22 12:00:00,283.78672699025924
2012-12-22 13:00:00,314.52512262267084
2012-12-22 14:00:00,313.3123299535926
2012-12-22 15:00:00,299.9313657140211
2012-12-22 16:00:00,289.7821200192069
2012-12-22 17:00:00,263.2552783906803
2012-12-22 18:00:00,205.60441745056752
2012-12-22 19:00:00,169.22035502609876
2012-12-22 20:00:00,138.82405779765304
2012-12-22 21:00:00,101.2829780590337
2012-12-22 22:00:00,90.71757238416505
2012-12-22 23:00:00,76.14835893444587
2012-12-23 00:00:00,72.50465104923725
2012-12-23 01:00:00,65.33352349560005
2012-12-23 02:00:00,43.4839642904794
2012-12-23 03:00:00,21.441022081054665
2012-12-23 04:00:00,8.445032501744164
2012-12-23 05:00:00,6.722610634569185
2012-12-23 06:00:00,9.379407528498417
2012-12-23 07:00:00,40.41423539828717
2012-12-23 08:00:00,70.72436898782628
2012-12-23 09:00:00,138.19732888429408
2012-12-23 10:00:00,202.93864661377526
2012-12-23 11:00:00,222.78356130891163
2012-12-23 12:00:00,313.25405974432334
2012-12-23 13:00:00,364.03727619679006
2012-12-23 14:00:00,369.60939292724106
2012-12-23 15:00:00,377.69568942036534
2012-12-23 16:00:00,356.84495055462736
2012-12-23 17:00:00,307.18517501312755
2012-12-23 18:00:00,243.12296483104592
2012-12-23 19:00:00,190.7392557049438
2012-12-23 20:00:00,114.55907654823282
2012-12-23 21:00:00,88.68872392355611
2012-12-23 22:00:00,79.35170264504099
2012-12-23 23:00:00,55.94116008118186
2012-12-24 00:00:00,23.910485787346026
2012-12-24 01:00:00,10.434381371122177
2012-12-24 02:00:00,5.841699815851432
2012-12-24 03:00:00,4.579435127990822
2012-12-24 05:00:00,24.117391400520923
2012-12-24 06:00:00,109.70437564556093
2012-12-24 07:00:00,253.47007572358126
2012-12-24 08:00:00,453.38341467751957
2012-12-24 09:00:00,233.58904028200885
2012-12-24 10:00:00,128.80815038765104
2012-12-24 11:00:00,135.58448121754503
2012-12-24 12:00:00,171.29559206388612
2012-12-24 13:00:00,89.39205562890209
2012-12-24 14:00:00,88.78278852082332
2012-12-24 15:00:00,81.8294782107169
2012-12-24 16:00:00,115.8582635612699
2012-12-24 17:00:00,218.5684311856094
2012-12-24 18:00:00,213.9296818711088
2012-12-24 19:00:00,251.37918227509175
2012-12-24 20:00:00,122.14197588162305
2012-12-24 21:00:00,85.6501684012388
2012-12-24 22:00:00,106.18269267626779
2012-12-24 23:00:00,50.97822326321558
2012-12-25 00:00:00,31.44615017587668
2012-12-25 01:00:00,25.62943250629131
2012-12-25 02:00:00,14.477859884565294
2012-12-25 04:00:00,7.182453573349225
2012-12-25 05:00:00,12.94800237280137
2012-12-25 06:00:00,23.218840259245585
2012-12-25 07:00:00,101.29895957882808
2012-12-25 08:00:00,158.8687073450127
2012-12-25 09:00:00,181.50601510117377
2012-12-25 10:00:00,179.98528227489635
2012-12-25 11:00:00,189.58616323044038
2012-12-25 12:00:00,212.23298213011518
2012-12-25 13:00:00,269.44511254028833
2012-12-25 14:00:00,273.83869173434584
2012-12-25 15:00:00,254.70465068963676
2012-12-25 16:00:00,291.8782225173116
2012-12-25 17:00:00,358.0979089193093
2012-12-25 18:00:00,301.22390374944746
2012-12-25 19:00:00,256.73405663287207
2012-12-25 20:00:00,193.77663142007563
2012-12-25 21:00:00,125.97359430588814
2012-12-25 22:00:00,115.85374282740159
2012-12-25 23:00:00,69.46149001331348
2012-12-26 00:00:00,26.641448338074092
2012-12-26 01:00:00,10.948406456642612
2012-12-26 02:00:00,5.8922831259057915
2012-12-26 03:00:00,4.364694922194592
2012-12-26 04:00:00,4.567778409167184
2012-12-26 05:00:00,21.708427990850524
2012-12-26 06:00:00,104.03579507544941
2012-12-26 07:00:00,119.8863737163745
2012-12-26 08:00:00,203.47781861973067
2012-12-26 09:00:00,113.6075021467164
2012-12-26 10:00:00,68.29037663802204
2012-12-26 11:00:00,62.70174164501612
2012-12-26 12:00:00,73.3601921506124
2012-12-26 13:00:00,73.3601921506124
2012-12-26 14:00:00,79.3673519873062
2012-12-26 15:00:00,71.83994587391298
2012-12-26 16:00:00,101.76473758615369
2012-12-26 17:00:00,174.18058919780805
2012-12-26 18:00:00,176.69703186298895
2012-12-26 19:00:00,163.1723541657862
2012-12-26 20:00:00,101.77060985443448
2012-12-26 21:00:00,128.5178350209126
2012-12-26 22:00:00,56.79524274189343
2012-12-26 23:00:00,43.54696462888246
2012-12-27 00:00:00,20.49766979131122
2012-12-27 01:00:00,8.31995866939195
2012-12-27 02:00:00,5.8120644945666715
2012-12-27 03:00:00,4.844670476659237
2012-12-27 04:00:00,4.33181522500351
2012-12-27 05:00:00,25.074361183070067
2012-12-27 06:00:00,107.90127778101325
2012-12-27 07:00:00,265.7860219617864
2012-12-27 08:00:00,447.27727199050867
2012-12-27 09:00:00,240.45710455416275
2012-12-27 10:00:00,143.9565761139207
2012-12-27 11:00:00,145.5930309560503
2012-12-27 12:00:00,161.49019481959317
2012-12-27 13:00:00,161.49019481959317
2012-12-27 14:00:00,136.42991972934803
2012-12-27 15:00:00,137.7044040037903
2012-12-27 16:00:00,196.36737346933495
2012-12-27 17:00:00,333.53236598572835
2012-12-27 18:00:00,328.16289675375964
2012-12-27 19:00:00,256.6679641580028
2012-12-27 20:00:00,183.90403310454278
2012-12-27 21:00:00,130.24321916860353
2012-12-27 22:00:00,106.46235057785812
2012-12-27 23:00:00,80.16712733516701
2012-12-28 00:00:00,40.633450509257536
2012-12-28 01:00:00,20.56080287719693
2012-12-28 02:00:00,10.584154799449824
2012-12-28 03:00:00,5.902346649141812
2012-12-28 04:00:00,5.10808819662902
2012-12-28 05:00:00,21.944536005007468
2012-12-28 06:00:00,103.94396619270417
2012-12-28 07:00:00,250.85241003999437
2012-12-28 08:00:00,467.08302806697316
2012-12-28 09:00:00,231.75606835844852
2012-12-28 10:00:00,148.00176815912778
2012-12-28 11:00:00,161.80318479695873
2012-12-28 12:00:00,216.87435207592725
2012-12-28 13:00:00,216.87435207592725
2012-12-28 14:00:00,216.87435207592725
2012-12-28 15:00:00,216.87435207592725
2012-12-28 16:00:00,265.8956993222353
2012-12-28 17:00:00,306.9193690047159
2012-12-28 18:00:00,291.74962848207554
2012-12-28 19:00:00,225.6305468746089
2012-12-28 20:00:00,161.68909113038646
2012-12-28 21:00:00,123.20199553432971
2012-12-28 22:00:00,112.56435641914807
2012-12-28 23:00:00,84.64837403774885
2012-12-29 00:00:00,79.85454721516378
2012-12-29 01:00:00,68.73757893343785
2012-12-29 02:00:00,43.236135073534356
2012-12-29 03:00:00,21.485740398324698
2012-12-29 04:00:00,8.52279043966167
2012-12-29 05:00:00,8.768228785548283
2012-12-29 06:00:00,15.33509745629614
2012-12-29 07:00:00,67.26599215374912
2012-12-29 08:00:00,111.09176472792706
2012-12-29 09:00:00,159.98574486283812
2012-12-29 10:00:00,125.80483711126818
2012-12-29 11:00:00,128.7311031652036
2012-12-29 12:00:00,141.557837046695
2012-12-29 13:00:00,141.557837046695
2012-12-29 14:00:00,228.84114688981606
2012-12-29 15:00:00,228.84114688981606
2012-12-29 16:00:00,264.70368447498004
2012-12-29 17:00:00,231.33766143711796
2012-12-29 18:00:00,227.5785480188621
2012-12-29 19:00:00,205.30967933913104
2012-12-29 20:00:00,164.753328635098
2012-12-29 21:00:00,116.24071849488705
2012-12-29 22:00:00,98.03589574597964
2012-12-29 23:00:00,84.78812919051198
2012-12-30 00:00:00,80.49040929081934
2012-12-30 01:00:00,65.0083035153733
2012-12-30 02:00:00,42.98597533261217
2012-12-30 03:00:00,21.161460385494415
2012-12-30 04:00:00,8.11440859071618
2012-12-30 05:00:00,6.74645088759674
2012-12-30 06:00:00,10.198577407697318
2012-12-30 07:00:00,45.484921758768046
2012-12-30 08:00:00,73.36874978405142
2012-12-30 09:00:00,137.27247207133772
2012-12-30 10:00:00,223.07695092810906
2012-12-30 11:00:00,241.89860332312674
2012-12-30 12:00:00,296.6984854381637
2012-12-30 13:00:00,312.4008991685005
2012-12-30 14:00:00,313.3475646961051
2012-12-30 15:00:00,298.5758517096821
2012-12-30 16:00:00,285.31371234414445
2012-12-30 17:00:00,232.65100302766083
2012-12-30 18:00:00,172.91550847827202
2012-12-30 19:00:00,202.58384571588965
2012-12-30 20:00:00,96.59861240912319
2012-12-30 21:00:00,78.02588414559077
2012-12-30 22:00:00,72.67178554926036
2012-12-30 23:00:00,47.246449403799666
2012-12-31 00:00:00,21.94404171369284
2012-12-31 01:00:00,9.570170620041525
2012-12-31 02:00:00,5.170567140674531
2012-12-31 03:00:00,4.0337974386530355
2012-12-31 04:00:00,4.615832755398316
2012-12-31 05:00:00,21.69421546965717
2012-12-31 06:00:00,102.04227350454934
2012-12-31 07:00:00,244.89807501537405
2012-12-31 08:00:00,448.4877340620004
2012-12-31 09:00:00,224.60703696702285
2012-12-31 10:00:00,127.32966495746479
2012-12-31 11:00:00,131.85391428062644
2012-12-31 12:00:00,139.18761246501862
2012-12-31 13:00:00,138.46718374705358
2012-12-31 14:00:00,148.1634242753864
2012-12-31 15:00:00,156.4486666173451
2012-12-31 16:00:00,185.38115686047112
2012-12-31 17:00:00,339.75508723262925
2012-12-31 18:00:00,325.3844072604274
2012-12-31 19:00:00,253.7641732910982
2012-12-31 20:00:00,176.09717493033182
2012-12-31 21:00:00,128.84656276962016
2012-12-31 22:00:00,106.87062027223656
2012-12-31 23:00:00,65.91220796997632
